{
  "JCT01": {
    "arms": {
      "ARM_NORTH": {
        "road_path": [
          [
            51.50742562176149,
            -0.1280465301305678
          ],
          [
            51.50746568835926,
            -0.1286045045335693
          ],
          [
            51.50757921019492,
            -0.12942000558409775
          ],
          [
            51.50768605401713,
            -0.13087932325346333
          ]
        ],
        "gps_lat": 51.50768605401713,
        "gps_lon": -0.13087932325346333
      },
      "ARM_SOUTH": {
        "road_path": [
          [
            51.507405588423936,
            -0.12805726040755475
          ],
          [
            51.507993228584944,
            -0.12653356107630745
          ],
          [
            51.50855415075942,
            -0.12557856642502865
          ]
        ],
        "gps_lat": 51.50855415075942,
        "gps_lon": -0.12557856642502865
      },
      "ARM_EAST": {
        "road_path": [
          [
            51.50738555510304,
            -0.12802506957661386
          ],
          [
            51.50720525481858,
            -0.12794995763774522
          ],
          [
            51.50716518799181,
            -0.12761731905134968
          ],
          [
            51.506797907104584,
            -0.12742417406568451
          ],
          [
            51.5061701838253,
            -0.12702715381740728
          ]
        ],
        "gps_lat": 51.5061701838253,
        "gps_lon": -0.12702715381740728
      },
      "ARM_WEST": {
        "road_path": [
          [
            51.50716585578782,
            -0.12769941716489708
          ],
          [
            51.50723931160892,
            -0.12744725565584372
          ],
          [
            51.507322783989146,
            -0.1272058244237773
          ],
          [
            51.507269361683406,
            -0.12650835642004535
          ],
          [
            51.50716919469135,
            -0.1259450168785503
          ],
          [
            51.50692879301194,
            -0.12471640016426422
          ]
        ],
        "gps_lat": 51.50692879301194,
        "gps_lon": -0.12471640016426422
      }
    }
  }
}