timestamp,camera_id,junction_id,arm_id,label,hour_of_week,VPM,queue_depth,stopped_ratio,occupancy_pct,mean_bbox_area,max_bbox_area,approach_flow,time_sin,time_cos,is_peak_hour,mean_bbox_growth_rate
2026-03-13T10:07:00+00:00,JCT01_ARM_NORTH,JCT01,ARM_NORTH,NORMAL,106,43,0,0.0409,4.61,36434.4,764004.4,1.2,0.47332,-0.880891,0,324.7407
2026-03-13T10:08:00+00:00,JCT01_ARM_NORTH,JCT01,ARM_NORTH,NORMAL,106,51,0,0.0914,6.07,33614.3,911670.2,1.67,0.469472,-0.882948,0,206.2709
2026-03-13T10:09:00+00:00,JCT01_ARM_NORTH,JCT01,ARM_NORTH,NORMAL,106,46,0,0.1634,5.16,31343.4,677186.6,1.59,0.465615,-0.884988,0,113.4804
2026-03-13T10:10:00+00:00,JCT01_ARM_NORTH,JCT01,ARM_NORTH,NORMAL,106,59,0,0.1081,7.13,31791.0,663595.9,2.01,0.461749,-0.887011,0,208.6661
2026-03-13T10:11:00+00:00,JCT01_ARM_NORTH,JCT01,ARM_NORTH,NORMAL,106,53,0,0.0548,7.17,43913.1,940750.9,1.6,0.457874,-0.889017,0,331.6019
2026-03-13T10:12:00+00:00,JCT01_ARM_NORTH,JCT01,ARM_NORTH,NORMAL,106,39,0,0.1036,6.19,41196.7,830142.2,1.37,0.45399,-0.891007,0,269.5899
2026-03-13T10:13:00+00:00,JCT01_ARM_NORTH,JCT01,ARM_NORTH,NORMAL,106,54,0,0.0808,6.15,36843.9,683639.4,1.56,0.450098,-0.892979,0,155.1623
2026-03-13T10:14:00+00:00,JCT01_ARM_NORTH,JCT01,ARM_NORTH,NORMAL,106,45,0,0.1042,5.85,32660.4,584119.7,1.63,0.446198,-0.894934,0,163.7718
2026-03-13T10:15:00+00:00,JCT01_ARM_NORTH,JCT01,ARM_NORTH,NORMAL,106,38,0,0.1834,7.53,49641.4,861825.4,1.4,0.442289,-0.896873,0,408.9085
2026-03-13T10:16:00+00:00,JCT01_ARM_NORTH,JCT01,ARM_NORTH,NORMAL,106,45,0,0.0746,6.26,42655.4,887142.0,1.6,0.438371,-0.898794,0,357.809
2026-03-13T10:17:00+00:00,JCT01_ARM_NORTH,JCT01,ARM_NORTH,NORMAL,106,44,0,0.1108,6.93,38397.3,787451.9,1.62,0.434445,-0.900698,0,231.8748
2026-03-13T10:18:00+00:00,JCT01_ARM_NORTH,JCT01,ARM_NORTH,NORMAL,106,52,0,0.1011,5.64,36316.3,683639.4,1.43,0.430511,-0.902585,0,122.0072
2026-03-13T10:19:00+00:00,JCT01_ARM_NORTH,JCT01,ARM_NORTH,NORMAL,106,46,0,0.1294,6.98,36033.8,861825.4,1.69,0.426569,-0.904455,0,177.4981
2026-03-13T10:20:00+00:00,JCT01_ARM_NORTH,JCT01,ARM_NORTH,NORMAL,106,36,0,0.1313,6.58,50693.3,887142.0,1.27,0.422618,-0.906308,0,528.6017
2026-03-13T10:21:00+00:00,JCT01_ARM_NORTH,JCT01,ARM_NORTH,NORMAL,106,47,0,0.0673,5.93,35528.1,880497.6,1.66,0.41866,-0.908143,0,224.004
2026-03-13T10:22:00+00:00,JCT01_ARM_NORTH,JCT01,ARM_NORTH,NORMAL,106,40,0,0.1948,8.04,47512.5,861825.4,1.53,0.414693,-0.909961,0,348.7582
2026-03-13T10:23:00+00:00,JCT01_ARM_NORTH,JCT01,ARM_NORTH,NORMAL,106,34,0,0.1173,6.3,46501.0,887142.0,1.4,0.410719,-0.911762,0,432.4946
2026-03-13T10:24:00+00:00,JCT01_ARM_NORTH,JCT01,ARM_NORTH,NORMAL,106,47,0,0.0659,6.88,46512.7,887142.0,1.5,0.406737,-0.913545,0,479.6934
2026-03-13T10:25:00+00:00,JCT01_ARM_NORTH,JCT01,ARM_NORTH,NORMAL,106,45,0,0.0918,6.38,39856.2,887142.0,1.69,0.402747,-0.915311,0,339.503
2026-03-13T10:42:00+00:00,JCT01_ARM_NORTH,JCT01,ARM_NORTH,NORMAL,106,46,0,0.0609,5.55,37210.4,966632.3,1.41,0.333807,-0.942641,0,122.6631
2026-03-13T10:43:00+00:00,JCT01_ARM_NORTH,JCT01,ARM_NORTH,NORMAL,106,44,0,0.0894,6.15,34107.7,969949.6,1.61,0.329691,-0.944089,0,159.5345
2026-03-13T10:44:00+00:00,JCT01_ARM_NORTH,JCT01,ARM_NORTH,NORMAL,106,37,0,0.0466,3.41,29084.0,480076.5,1.11,0.325568,-0.945519,0,197.3004
2026-03-13T10:45:00+00:00,JCT01_ARM_NORTH,JCT01,ARM_NORTH,NORMAL,106,44,0,0.0745,5.95,42229.1,923763.7,1.36,0.321439,-0.94693,0,164.1115
2026-03-13T10:46:00+00:00,JCT01_ARM_NORTH,JCT01,ARM_NORTH,NORMAL,106,42,0,0.0544,6.3,49257.0,970025.4,1.25,0.317305,-0.948324,0,197.0509
2026-03-13T10:47:00+00:00,JCT01_ARM_NORTH,JCT01,ARM_NORTH,NORMAL,106,44,0,0.1418,8.06,42530.5,933737.5,1.75,0.313164,-0.949699,0,133.6901
2026-03-13T10:48:00+00:00,JCT01_ARM_NORTH,JCT01,ARM_NORTH,NORMAL,106,45,0,0.0571,8.17,48511.6,1187525.8,1.59,0.309017,-0.951057,0,270.7721
2026-03-13T10:49:00+00:00,JCT01_ARM_NORTH,JCT01,ARM_NORTH,NORMAL,106,32,0,0.0324,4.69,37586.5,1144955.1,1.1,0.304864,-0.952396,0,423.1987
2026-03-13T10:50:00+00:00,JCT01_ARM_NORTH,JCT01,ARM_NORTH,NORMAL,106,42,0,0.0873,8.26,49391.8,1036510.0,1.6,0.300706,-0.953717,0,232.9845
2026-03-13T10:51:00+00:00,JCT01_ARM_NORTH,JCT01,ARM_NORTH,NORMAL,106,30,0,0.0913,4.64,36502.6,573026.3,1.08,0.296542,-0.95502,0,104.7738
2026-03-13T10:52:00+00:00,JCT01_ARM_NORTH,JCT01,ARM_NORTH,NORMAL,106,48,0,0.0611,9.03,47789.1,985326.3,1.88,0.292372,-0.956305,0,208.6852
2026-03-13T10:53:00+00:00,JCT01_ARM_NORTH,JCT01,ARM_NORTH,NORMAL,106,49,1,0.0977,9.83,50740.1,1003532.8,1.94,0.288196,-0.957571,0,293.7311
2026-03-13T10:54:00+00:00,JCT01_ARM_NORTH,JCT01,ARM_NORTH,NORMAL,106,50,0,0.0919,5.95,26803.8,524563.2,1.93,0.284015,-0.95882,0,132.5934
2026-03-13T10:55:00+00:00,JCT01_ARM_NORTH,JCT01,ARM_NORTH,NORMAL,106,53,0,0.113,12.54,64835.3,1062409.3,2.02,0.279829,-0.96005,0,254.4105
2026-03-13T10:56:00+00:00,JCT01_ARM_NORTH,JCT01,ARM_NORTH,NORMAL,106,43,1,0.0676,5.0,35833.2,967721.7,1.42,0.275637,-0.961262,0,205.488
2026-03-13T10:57:00+00:00,JCT01_ARM_NORTH,JCT01,ARM_NORTH,NORMAL,106,43,0,0.0504,4.59,30412.6,495282.3,1.39,0.27144,-0.962455,0,111.7689
2026-03-13T10:58:00+00:00,JCT01_ARM_NORTH,JCT01,ARM_NORTH,NORMAL,106,38,0,0.1438,8.19,45836.7,936459.5,1.63,0.267238,-0.96363,0,344.835
2026-03-13T10:59:00+00:00,JCT01_ARM_NORTH,JCT01,ARM_NORTH,NORMAL,106,50,0,0.1295,14.27,81886.4,1307615.0,1.94,0.263031,-0.964787,0,285.7313
2026-03-13T11:00:00+00:00,JCT01_ARM_NORTH,JCT01,ARM_NORTH,NORMAL,107,35,1,0.1349,7.73,43581.8,785623.3,1.63,0.258819,-0.965926,0,158.6645
2026-03-13T11:01:00+00:00,JCT01_ARM_NORTH,JCT01,ARM_NORTH,NORMAL,107,42,0,0.1183,12.89,68244.6,1027882.4,1.93,0.254602,-0.967046,0,307.2746
2026-03-13T11:02:00+00:00,JCT01_ARM_NORTH,JCT01,ARM_NORTH,NORMAL,107,36,0,0.0842,5.08,37480.1,855085.1,1.48,0.25038,-0.968148,0,156.9404
2026-03-13T11:03:00+00:00,JCT01_ARM_NORTH,JCT01,ARM_NORTH,NORMAL,107,35,0,0.1013,6.05,49428.8,868846.0,1.23,0.246153,-0.969231,0,327.4832
2026-03-13T11:04:00+00:00,JCT01_ARM_NORTH,JCT01,ARM_NORTH,NORMAL,107,46,0,0.1131,8.6,41374.3,896999.7,1.8,0.241922,-0.970296,0,129.88
2026-03-13T11:05:00+00:00,JCT01_ARM_NORTH,JCT01,ARM_NORTH,NORMAL,107,33,0,0.1555,5.92,39255.4,984887.2,1.34,0.237686,-0.971342,0,361.0992
2026-03-13T11:06:00+00:00,JCT01_ARM_NORTH,JCT01,ARM_NORTH,NORMAL,107,39,0,0.0832,10.33,54862.2,1045908.2,1.79,0.233445,-0.97237,0,346.0512
2026-03-13T11:07:00+00:00,JCT01_ARM_NORTH,JCT01,ARM_NORTH,NORMAL,107,39,0,0.1111,7.32,47170.8,1149378.2,1.57,0.2292,-0.973379,0,312.5835
2026-03-13T11:08:00+00:00,JCT01_ARM_NORTH,JCT01,ARM_NORTH,NORMAL,107,55,0,0.1047,11.05,56460.5,1015587.5,2.07,0.224951,-0.97437,0,232.4508
2026-03-13T11:09:00+00:00,JCT01_ARM_NORTH,JCT01,ARM_NORTH,NORMAL,107,44,1,0.0532,4.98,34970.9,967721.7,1.41,0.220697,-0.975342,0,200.6799
2026-03-13T11:10:00+00:00,JCT01_ARM_NORTH,JCT01,ARM_NORTH,NORMAL,107,36,0,0.0662,4.48,33219.0,495282.3,1.26,0.21644,-0.976296,0,115.9277
2026-03-13T11:11:00+00:00,JCT01_ARM_NORTH,JCT01,ARM_NORTH,NORMAL,107,37,0,0.1505,8.99,50992.3,978401.0,1.61,0.212178,-0.977231,0,368.8474
2026-03-13T11:12:00+00:00,JCT01_ARM_NORTH,JCT01,ARM_NORTH,NORMAL,107,52,0,0.1269,13.73,75276.1,1307615.0,2.01,0.207912,-0.978148,0,264.3289
2026-03-13T11:13:00+00:00,JCT01_ARM_NORTH,JCT01,ARM_NORTH,NORMAL,107,36,1,0.1603,8.16,43414.1,785623.3,1.74,0.203642,-0.979045,0,169.5177
2026-03-13T11:14:00+00:00,JCT01_ARM_NORTH,JCT01,ARM_NORTH,NORMAL,107,40,0,0.0801,12.03,68369.5,1027882.4,1.75,0.199368,-0.979925,0,313.6617
2026-03-13T11:15:00+00:00,JCT01_ARM_NORTH,JCT01,ARM_NORTH,NORMAL,107,42,0,0.087,5.5,38625.1,855085.1,1.58,0.19509,-0.980785,0,157.736
2026-03-13T11:16:00+00:00,JCT01_ARM_NORTH,JCT01,ARM_NORTH,NORMAL,107,33,0,0.0899,6.72,50759.6,896999.7,1.23,0.190809,-0.981627,0,329.7368
2026-03-13T11:17:00+00:00,JCT01_ARM_NORTH,JCT01,ARM_NORTH,NORMAL,107,43,0,0.1278,7.49,38728.9,791432.1,1.72,0.186524,-0.98245,0,128.5177
2026-03-13T11:18:00+00:00,JCT01_ARM_NORTH,JCT01,ARM_NORTH,NORMAL,107,29,0,0.1578,6.52,44076.4,984887.2,1.34,0.182236,-0.983255,0,371.0587
2026-03-13T11:19:00+00:00,JCT01_ARM_NORTH,JCT01,ARM_NORTH,NORMAL,107,42,0,0.07,9.98,51882.7,1045908.2,1.79,0.177944,-0.984041,0,344.1677
2026-03-13T11:20:00+00:00,JCT01_ARM_NORTH,JCT01,ARM_NORTH,NORMAL,107,39,0,0.1062,7.83,48126.0,1149378.2,1.59,0.173648,-0.984808,0,271.5255
2026-03-13T11:21:00+00:00,JCT01_ARM_NORTH,JCT01,ARM_NORTH,NORMAL,107,33,0,0.0908,6.84,46084.5,940400.6,1.51,0.16935,-0.985556,0,214.3332
2026-03-13T11:22:00+00:00,JCT01_ARM_NORTH,JCT01,ARM_NORTH,NORMAL,107,41,0,0.083,4.84,40623.9,868846.0,1.31,0.165048,-0.986286,0,251.6911
2026-03-13T11:23:00+00:00,JCT01_ARM_NORTH,JCT01,ARM_NORTH,NORMAL,107,38,0,0.0838,7.51,44256.6,896999.7,1.5,0.160743,-0.986996,0,169.6667
2026-03-13T11:24:00+00:00,JCT01_ARM_NORTH,JCT01,ARM_NORTH,NORMAL,107,37,0,0.1755,8.19,45807.9,984887.2,1.65,0.156434,-0.987688,0,377.262
2026-03-13T11:25:00+00:00,JCT01_ARM_NORTH,JCT01,ARM_NORTH,NORMAL,107,36,0,0.0886,6.95,41639.0,1045908.2,1.55,0.152123,-0.988362,0,300.5048
2026-03-13T11:26:00+00:00,JCT01_ARM_NORTH,JCT01,ARM_NORTH,NORMAL,107,32,0,0.0901,7.65,51138.9,1149378.2,1.38,0.147809,-0.989016,0,336.0425
2026-03-13T11:27:00+00:00,JCT01_ARM_NORTH,JCT01,ARM_NORTH,NORMAL,107,42,0,0.1695,8.48,41911.3,967184.3,1.82,0.143493,-0.989651,0,132.9101
2026-03-13T11:28:00+00:00,JCT01_ARM_NORTH,JCT01,ARM_NORTH,NORMAL,107,33,0,0.1117,7.32,45391.3,1045908.2,1.54,0.139173,-0.990268,0,481.5346
2026-03-13T11:29:00+00:00,JCT01_ARM_NORTH,JCT01,ARM_NORTH,NORMAL,107,37,0,0.0856,7.99,46293.7,1026234.7,1.54,0.134851,-0.990866,0,186.9602
2026-03-13T11:30:00+00:00,JCT01_ARM_NORTH,JCT01,ARM_NORTH,NORMAL,107,46,0,0.0661,9.29,52340.7,1149378.2,1.72,0.130526,-0.991445,0,442.7373
2026-03-13T11:31:00+00:00,JCT01_ARM_NORTH,JCT01,ARM_NORTH,NORMAL,107,36,0,0.1039,6.66,44365.1,1149378.2,1.55,0.126199,-0.992005,0,272.2015
2026-03-13T11:32:00+00:00,JCT01_ARM_NORTH,JCT01,ARM_NORTH,NORMAL,107,34,0,0.0947,5.21,43093.5,1149378.2,1.32,0.121869,-0.992546,0,412.6841
2026-03-13T11:40:00+00:00,JCT01_ARM_NORTH,JCT01,ARM_NORTH,NORMAL,107,27,0,0.0904,5.92,35932.9,990413.2,1.38,0.087156,-0.996195,0,74.3578
2026-03-13T11:41:00+00:00,JCT01_ARM_NORTH,JCT01,ARM_NORTH,NORMAL,107,40,0,0.1126,10.52,49890.2,1129486.2,1.83,0.082808,-0.996566,0,201.0414
2026-03-13T11:42:00+00:00,JCT01_ARM_NORTH,JCT01,ARM_NORTH,NORMAL,107,46,0,0.1307,7.11,39063.4,960458.1,1.9,0.078459,-0.996917,0,126.6848
2026-03-13T11:43:00+00:00,JCT01_ARM_NORTH,JCT01,ARM_NORTH,NORMAL,107,44,0,0.1099,9.33,42352.5,921720.0,2.03,0.074108,-0.99725,0,119.2688
2026-03-13T11:44:00+00:00,JCT01_ARM_NORTH,JCT01,ARM_NORTH,NORMAL,107,45,0,0.143,7.4,40159.3,960458.1,1.93,0.069756,-0.997564,0,143.3272
2026-03-13T11:45:00+00:00,JCT01_ARM_NORTH,JCT01,ARM_NORTH,NORMAL,107,46,0,0.1219,9.1,39805.2,926903.7,2.19,0.065403,-0.997859,0,101.9842
2026-03-13T11:46:00+00:00,JCT01_ARM_NORTH,JCT01,ARM_NORTH,NORMAL,107,47,0,0.0881,7.7,34742.8,673921.0,2.08,0.061049,-0.998135,0,51.9944
2026-03-13T11:54:00+00:00,JCT01_ARM_NORTH,JCT01,ARM_NORTH,NORMAL,107,41,0,0.0833,5.73,37722.3,992283.9,1.61,0.026177,-0.999657,0,180.2138
2026-03-13T11:55:00+00:00,JCT01_ARM_NORTH,JCT01,ARM_NORTH,NORMAL,107,32,0,0.0765,4.14,27617.1,495376.0,1.35,0.021815,-0.999762,0,105.7886
2026-03-13T11:56:00+00:00,JCT01_ARM_NORTH,JCT01,ARM_NORTH,NORMAL,107,42,0,0.0849,5.29,32119.5,880411.3,1.45,0.017452,-0.999848,0,122.4771
2026-03-13T11:57:00+00:00,JCT01_ARM_NORTH,JCT01,ARM_NORTH,NORMAL,107,43,0,0.0735,7.23,41285.6,1122519.1,1.74,0.01309,-0.999914,0,345.093
2026-03-13T11:58:00+00:00,JCT01_ARM_NORTH,JCT01,ARM_NORTH,NORMAL,107,54,0,0.082,6.95,33856.3,705997.5,1.93,0.008727,-0.999962,0,52.0995
2026-03-13T11:59:00+00:00,JCT01_ARM_NORTH,JCT01,ARM_NORTH,NORMAL,107,38,0,0.1024,4.79,32495.4,787392.5,1.43,0.004363,-0.99999,0,220.6475
2026-03-13T12:00:00+00:00,JCT01_ARM_NORTH,JCT01,ARM_NORTH,NORMAL,108,45,0,0.0902,5.2,31589.0,652188.4,1.56,0.0,-1.0,0,109.2925
2026-03-13T12:01:00+00:00,JCT01_ARM_NORTH,JCT01,ARM_NORTH,NORMAL,108,42,0,0.1466,5.62,30938.8,1076876.4,1.6,-0.004363,-0.99999,0,111.8978
2026-03-13T12:02:00+00:00,JCT01_ARM_NORTH,JCT01,ARM_NORTH,NORMAL,108,43,0,0.1326,7.66,39428.2,1023258.5,1.88,-0.008727,-0.999962,0,158.6134
2026-03-13T12:03:00+00:00,JCT01_ARM_NORTH,JCT01,ARM_NORTH,NORMAL,108,41,0,0.1125,5.53,34338.7,1033743.8,1.37,-0.01309,-0.999914,0,260.5487
2026-03-13T12:04:00+00:00,JCT01_ARM_NORTH,JCT01,ARM_NORTH,NORMAL,108,47,0,0.1233,7.73,38185.7,1002196.0,1.92,-0.017452,-0.999848,0,141.8569
2026-03-13T12:05:00+00:00,JCT01_ARM_NORTH,JCT01,ARM_NORTH,NORMAL,108,40,0,0.1118,5.95,36585.5,1179635.6,1.54,-0.021815,-0.999762,0,151.6856
2026-03-13T12:06:00+00:00,JCT01_ARM_NORTH,JCT01,ARM_NORTH,NORMAL,108,46,0,0.0985,9.12,39414.8,991193.4,2.17,-0.026177,-0.999657,0,154.5408
2026-03-13T12:07:00+00:00,JCT01_ARM_NORTH,JCT01,ARM_NORTH,NORMAL,108,28,0,0.0691,7.63,49209.2,713951.3,1.34,-0.030539,-0.999534,0,131.5159
2026-03-13T12:08:00+00:00,JCT01_ARM_NORTH,JCT01,ARM_NORTH,NORMAL,108,32,1,0.1616,9.83,47644.9,869634.5,1.77,-0.034899,-0.999391,0,152.1804
2026-03-13T12:09:00+00:00,JCT01_ARM_NORTH,JCT01,ARM_NORTH,NORMAL,108,43,0,0.0899,9.45,41376.4,956781.2,2.17,-0.03926,-0.999229,0,123.2061
2026-03-13T12:10:00+00:00,JCT01_ARM_NORTH,JCT01,ARM_NORTH,NORMAL,108,36,0,0.0668,5.28,38017.8,875163.2,1.22,-0.043619,-0.999048,0,114.1605
2026-03-13T12:11:00+00:00,JCT01_ARM_NORTH,JCT01,ARM_NORTH,NORMAL,108,37,0,0.114,8.73,55114.7,1517267.7,1.49,-0.047978,-0.998848,0,297.0656
2026-03-13T12:12:00+00:00,JCT01_ARM_NORTH,JCT01,ARM_NORTH,NORMAL,108,42,0,0.0911,3.76,25408.6,1002196.0,1.25,-0.052336,-0.99863,0,117.6796
2026-03-13T12:13:00+00:00,JCT01_ARM_NORTH,JCT01,ARM_NORTH,NORMAL,108,45,1,0.1349,8.11,40573.6,1179635.6,1.91,-0.056693,-0.998392,0,158.1486
2026-03-13T12:14:00+00:00,JCT01_ARM_NORTH,JCT01,ARM_NORTH,NORMAL,108,46,0,0.0983,7.01,35751.3,991193.4,1.82,-0.061049,-0.998135,0,159.351
2026-03-13T12:15:00+00:00,JCT01_ARM_NORTH,JCT01,ARM_NORTH,NORMAL,108,43,0,0.0943,7.51,37358.4,970180.1,1.92,-0.065403,-0.997859,0,119.3594
2026-03-13T12:16:00+00:00,JCT01_ARM_NORTH,JCT01,ARM_NORTH,NORMAL,108,20,1,0.0977,8.05,50592.5,461260.6,1.26,-0.069756,-0.997564,0,116.3711
2026-03-13T12:17:00+00:00,JCT01_ARM_NORTH,JCT01,ARM_NORTH,NORMAL,108,37,0,0.1368,9.27,43151.7,869634.5,1.91,-0.074108,-0.99725,0,142.2174
2026-03-13T12:18:00+00:00,JCT01_ARM_NORTH,JCT01,ARM_NORTH,NORMAL,108,43,0,0.0736,8.79,40999.7,956781.2,1.95,-0.078459,-0.996917,0,121.9842
2026-03-13T12:19:00+00:00,JCT01_ARM_NORTH,JCT01,ARM_NORTH,NORMAL,108,36,0,0.0751,5.4,37954.4,875163.2,1.28,-0.082808,-0.996566,0,128.5644
2026-03-13T12:20:00+00:00,JCT01_ARM_NORTH,JCT01,ARM_NORTH,NORMAL,108,28,0,0.0684,7.3,49821.6,1517267.7,1.31,-0.087156,-0.996195,0,140.1819
2026-03-13T12:21:00+00:00,JCT01_ARM_NORTH,JCT01,ARM_NORTH,OFF_PEAK_JAM,108,31,1,0.1613,10.33,50994.2,869634.5,1.72,-0.091502,-0.995805,0,159.1332
2026-03-13T12:22:00+00:00,JCT01_ARM_NORTH,JCT01,ARM_NORTH,NORMAL,108,44,0,0.0891,9.58,40970.9,956781.2,2.24,-0.095846,-0.995396,0,120.317
2026-03-13T12:23:00+00:00,JCT01_ARM_NORTH,JCT01,ARM_NORTH,NORMAL,108,33,0,0.0696,4.93,36821.3,875163.2,1.17,-0.100188,-0.994969,0,113.9942
2026-03-13T12:24:00+00:00,JCT01_ARM_NORTH,JCT01,ARM_NORTH,NORMAL,108,45,0,0.0761,8.93,46790.9,1517267.7,1.88,-0.104528,-0.994522,0,164.369
2026-03-13T12:25:00+00:00,JCT01_ARM_NORTH,JCT01,ARM_NORTH,NORMAL,108,35,0,0.0538,6.01,38605.7,875163.2,1.36,-0.108867,-0.994056,0,105.2801
2026-03-13T12:26:00+00:00,JCT01_ARM_NORTH,JCT01,ARM_NORTH,NORMAL,108,37,0,0.0694,5.98,43401.4,1517267.7,1.27,-0.113203,-0.993572,0,138.0737
2026-03-13T12:27:00+00:00,JCT01_ARM_NORTH,JCT01,ARM_NORTH,NORMAL,108,33,0,0.0881,4.19,37273.2,1517267.7,0.94,-0.117537,-0.993068,0,73.4627
2026-03-13T12:35:00+00:00,JCT01_ARM_NORTH,JCT01,ARM_NORTH,NORMAL,108,33,0,0.13,6.13,39248.5,994207.1,1.37,-0.152123,-0.988362,0,123.5217
2026-03-13T12:36:00+00:00,JCT01_ARM_NORTH,JCT01,ARM_NORTH,NORMAL,108,34,0,0.0681,3.55,25579.7,600380.1,1.15,-0.156434,-0.987688,0,94.6622
2026-03-13T12:37:00+00:00,JCT01_ARM_NORTH,JCT01,ARM_NORTH,NORMAL,108,32,0,0.1718,6.8,46861.8,1200714.7,1.5,-0.160743,-0.986996,0,79.0937
2026-03-13T12:38:00+00:00,JCT01_ARM_NORTH,JCT01,ARM_NORTH,NORMAL,108,25,0,0.0917,4.23,40355.4,1034001.8,1.1,-0.165048,-0.986286,0,110.1496
2026-03-13T12:39:00+00:00,JCT01_ARM_NORTH,JCT01,ARM_NORTH,NORMAL,108,26,0,0.1108,3.43,29131.3,722968.8,1.1,-0.16935,-0.985556,0,83.2658
2026-03-13T12:40:00+00:00,JCT01_ARM_NORTH,JCT01,ARM_NORTH,NORMAL,108,30,0,0.0415,2.97,26627.0,591099.3,1.03,-0.173648,-0.984808,0,216.6283
2026-03-13T12:41:00+00:00,JCT01_ARM_NORTH,JCT01,ARM_NORTH,NORMAL,108,31,0,0.1049,9.42,54582.8,1045475.6,1.64,-0.177944,-0.984041,0,188.0879
2026-03-13T12:42:00+00:00,JCT01_ARM_NORTH,JCT01,ARM_NORTH,NORMAL,108,31,0,0.1011,2.79,26718.9,665091.0,1.06,-0.182236,-0.983255,0,56.2732
2026-03-13T12:43:00+00:00,JCT01_ARM_NORTH,JCT01,ARM_NORTH,NORMAL,108,36,0,0.0995,4.94,35081.8,876629.6,1.51,-0.186524,-0.98245,0,84.7368
2026-03-13T12:44:00+00:00,JCT01_ARM_NORTH,JCT01,ARM_NORTH,NORMAL,108,43,0,0.1024,8.01,64360.7,1162340.4,1.45,-0.190809,-0.981627,0,125.659
2026-03-13T12:45:00+00:00,JCT01_ARM_NORTH,JCT01,ARM_NORTH,NORMAL,108,25,0,0.1471,2.53,28926.8,1091736.9,0.84,-0.19509,-0.980785,0,27.7204
2026-03-13T12:46:00+00:00,JCT01_ARM_NORTH,JCT01,ARM_NORTH,NORMAL,108,28,0,0.0523,2.31,27429.9,357671.0,0.92,-0.199368,-0.979925,0,80.6133
2026-03-13T12:47:00+00:00,JCT01_ARM_NORTH,JCT01,ARM_NORTH,NORMAL,108,22,0,0.1352,2.02,28892.7,551560.5,0.67,-0.203642,-0.979045,0,-50.4532
2026-03-13T12:48:00+00:00,JCT01_ARM_NORTH,JCT01,ARM_NORTH,NORMAL,108,20,0,0.0676,3.92,43309.4,1085302.8,0.74,-0.207912,-0.978148,0,123.9654
2026-03-13T12:49:00+00:00,JCT01_ARM_NORTH,JCT01,ARM_NORTH,NORMAL,108,26,0,0.0859,5.06,48347.0,1149026.6,0.97,-0.212178,-0.977231,0,118.6242
2026-03-13T12:50:00+00:00,JCT01_ARM_NORTH,JCT01,ARM_NORTH,NORMAL,108,18,0,0.055,3.61,35940.1,1024188.5,0.82,-0.21644,-0.976296,0,133.8744
2026-03-13T12:51:00+00:00,JCT01_ARM_NORTH,JCT01,ARM_NORTH,NORMAL,108,20,0,0.1344,3.59,32776.1,1076031.6,0.95,-0.220697,-0.975342,0,89.713
2026-03-13T12:52:00+00:00,JCT01_ARM_NORTH,JCT01,ARM_NORTH,NORMAL,108,26,0,0.0877,3.29,33426.6,1002682.7,0.99,-0.224951,-0.97437,0,98.0757
2026-03-13T12:53:00+00:00,JCT01_ARM_NORTH,JCT01,ARM_NORTH,NORMAL,108,15,0,0.0355,2.01,41799.7,597220.8,0.5,-0.2292,-0.973379,0,98.1609
2026-03-13T12:54:00+00:00,JCT01_ARM_NORTH,JCT01,ARM_NORTH,NORMAL,108,27,0,0.1238,4.52,46102.2,1015468.7,0.97,-0.233445,-0.97237,0,150.0477
2026-03-13T12:55:00+00:00,JCT01_ARM_NORTH,JCT01,ARM_NORTH,NORMAL,108,19,0,0.1553,4.89,45702.3,1192485.2,0.82,-0.237686,-0.971342,0,59.4382
2026-03-13T12:56:00+00:00,JCT01_ARM_NORTH,JCT01,ARM_NORTH,NORMAL,108,23,0,0.1231,5.58,51924.5,1244250.8,0.9,-0.241922,-0.970296,0,181.4706
2026-03-13T12:57:00+00:00,JCT01_ARM_NORTH,JCT01,ARM_NORTH,NORMAL,108,32,0,0.0386,3.58,32733.1,590193.2,1.02,-0.246153,-0.969231,0,75.1654
2026-03-13T12:58:00+00:00,JCT01_ARM_NORTH,JCT01,ARM_NORTH,NORMAL,108,35,0,0.0438,2.5,23042.5,523505.0,1.06,-0.25038,-0.968148,0,292.7831
2026-03-13T12:59:00+00:00,JCT01_ARM_NORTH,JCT01,ARM_NORTH,NORMAL,108,29,0,0.2044,5.53,40784.3,801606.9,1.14,-0.254602,-0.967046,0,192.4523
2026-03-13T13:00:00+00:00,JCT01_ARM_NORTH,JCT01,ARM_NORTH,NORMAL,109,23,0,0.0513,3.95,44569.1,1085302.8,0.77,-0.258819,-0.965926,0,114.0941
2026-03-13T13:01:00+00:00,JCT01_ARM_NORTH,JCT01,ARM_NORTH,NORMAL,109,22,0,0.0955,4.92,47398.4,1149026.6,0.92,-0.263031,-0.964787,0,142.3682
2026-03-13T13:02:00+00:00,JCT01_ARM_NORTH,JCT01,ARM_NORTH,NORMAL,109,24,0,0.0478,3.7,35625.9,1024188.5,0.86,-0.267238,-0.96363,0,128.9604
2026-03-13T13:03:00+00:00,JCT01_ARM_NORTH,JCT01,ARM_NORTH,NORMAL,109,19,0,0.1395,3.87,34246.3,1076031.6,1.0,-0.27144,-0.962455,0,89.155
2026-03-13T13:04:00+00:00,JCT01_ARM_NORTH,JCT01,ARM_NORTH,NORMAL,109,21,0,0.0883,2.63,32054.9,1002682.7,0.79,-0.275637,-0.961262,0,96.0157
2026-03-13T13:05:00+00:00,JCT01_ARM_NORTH,JCT01,ARM_NORTH,NORMAL,109,22,0,0.0444,2.6,38588.8,597220.8,0.72,-0.279829,-0.96005,0,71.9657
2026-03-13T13:06:00+00:00,JCT01_ARM_NORTH,JCT01,ARM_NORTH,NORMAL,109,22,0,0.128,4.09,50429.4,1015468.7,0.78,-0.284015,-0.95882,0,190.6406
2026-03-13T13:07:00+00:00,JCT01_ARM_NORTH,JCT01,ARM_NORTH,NORMAL,109,24,0,0.1121,3.3,29682.8,1060178.6,0.89,-0.288196,-0.957571,0,40.8719
2026-03-13T13:08:00+00:00,JCT01_ARM_NORTH,JCT01,ARM_NORTH,NORMAL,109,20,0,0.1533,6.85,63339.6,1244250.8,0.86,-0.292372,-0.956305,0,135.3638
2026-03-13T13:09:00+00:00,JCT01_ARM_NORTH,JCT01,ARM_NORTH,NORMAL,109,31,0,0.0593,3.6,35142.9,896903.0,1.07,-0.296542,-0.95502,0,138.6746
2026-03-13T13:10:00+00:00,JCT01_ARM_NORTH,JCT01,ARM_NORTH,NORMAL,109,36,0,0.0408,3.06,26419.5,590193.2,1.06,-0.300706,-0.953717,0,129.8728
2026-03-13T13:11:00+00:00,JCT01_ARM_NORTH,JCT01,ARM_NORTH,NORMAL,109,28,0,0.1463,5.43,39905.0,801606.9,1.16,-0.304864,-0.952396,0,439.9573
2026-03-13T13:12:00+00:00,JCT01_ARM_NORTH,JCT01,ARM_NORTH,NORMAL,109,20,0,0.1276,4.06,53066.1,1015468.7,0.74,-0.309017,-0.951057,0,208.8903
2026-03-13T13:13:00+00:00,JCT01_ARM_NORTH,JCT01,ARM_NORTH,NORMAL,109,25,0,0.1061,3.35,29928.4,1060178.6,0.91,-0.313164,-0.949699,0,11.2252
2026-03-13T13:14:00+00:00,JCT01_ARM_NORTH,JCT01,ARM_NORTH,NORMAL,109,17,0,0.1469,6.71,64559.0,1244250.8,0.79,-0.317305,-0.948324,0,151.6238
2026-03-13T13:15:00+00:00,JCT01_ARM_NORTH,JCT01,ARM_NORTH,NORMAL,109,33,0,0.0752,3.75,35468.2,896903.0,1.13,-0.321439,-0.94693,0,132.9295
2026-03-13T13:16:00+00:00,JCT01_ARM_NORTH,JCT01,ARM_NORTH,NORMAL,109,38,0,0.0407,3.02,24869.3,590193.2,1.08,-0.325568,-0.945519,0,130.3519
2026-03-13T13:17:00+00:00,JCT01_ARM_NORTH,JCT01,ARM_NORTH,NORMAL,109,30,0,0.1586,6.83,43477.5,983973.7,1.27,-0.329691,-0.944089,0,447.0855
2026-03-13T13:18:00+00:00,JCT01_ARM_NORTH,JCT01,ARM_NORTH,NORMAL,109,30,0,0.0788,3.74,35611.0,896903.0,1.11,-0.333807,-0.942641,0,125.5852
2026-03-13T13:19:00+00:00,JCT01_ARM_NORTH,JCT01,ARM_NORTH,NORMAL,109,40,0,0.0406,3.03,24292.6,590193.2,1.11,-0.337917,-0.941176,0,128.6759
2026-03-13T13:20:00+00:00,JCT01_ARM_NORTH,JCT01,ARM_NORTH,NORMAL,109,34,0,0.1383,6.22,39341.9,801606.9,1.29,-0.34202,-0.939693,0,503.9601
2026-03-13T13:21:00+00:00,JCT01_ARM_NORTH,JCT01,ARM_NORTH,NORMAL,109,37,0,0.1073,4.76,32992.8,801606.9,1.25,-0.346117,-0.938191,0,434.6212
2026-03-13T13:22:00+00:00,JCT01_ARM_NORTH,JCT01,ARM_NORTH,NORMAL,109,39,0,0.1576,7.46,42951.2,801606.9,1.55,-0.350207,-0.936672,0,699.3583
2026-03-13T13:30:00+00:00,JCT01_ARM_NORTH,JCT01,ARM_NORTH,NORMAL,109,29,0,0.1771,5.28,34842.7,808799.0,1.47,-0.382683,-0.92388,0,127.8583
2026-03-13T13:31:00+00:00,JCT01_ARM_NORTH,JCT01,ARM_NORTH,NORMAL,109,40,0,0.1281,6.58,54573.0,954038.7,1.41,-0.386711,-0.922201,0,205.1701
2026-03-13T13:32:00+00:00,JCT01_ARM_NORTH,JCT01,ARM_NORTH,NORMAL,109,31,0,0.1286,5.06,33906.2,912046.5,1.27,-0.390731,-0.920505,0,55.8037
2026-03-13T13:33:00+00:00,JCT01_ARM_NORTH,JCT01,ARM_NORTH,NORMAL,109,44,0,0.0925,6.54,34930.6,978674.9,1.77,-0.394744,-0.918791,0,200.6904
2026-03-13T13:34:00+00:00,JCT01_ARM_NORTH,JCT01,ARM_NORTH,NORMAL,109,36,0,0.102,3.82,27548.8,538190.8,1.33,-0.398749,-0.91706,0,48.9538
2026-03-13T13:35:00+00:00,JCT01_ARM_NORTH,JCT01,ARM_NORTH,NORMAL,109,35,0,0.137,6.45,35948.4,898002.5,1.66,-0.402747,-0.915311,0,84.7955
2026-03-13T13:36:00+00:00,JCT01_ARM_NORTH,JCT01,ARM_NORTH,NORMAL,109,45,0,0.0994,5.09,32286.2,931295.2,1.49,-0.406737,-0.913545,0,68.4053
2026-03-13T13:37:00+00:00,JCT01_ARM_NORTH,JCT01,ARM_NORTH,NORMAL,109,40,0,0.1252,3.04,17927.0,283895.6,1.49,-0.410719,-0.911762,0,14.5242
2026-03-13T13:38:00+00:00,JCT01_ARM_NORTH,JCT01,ARM_NORTH,NORMAL,109,46,1,0.2377,9.78,36364.9,886050.2,2.69,-0.414693,-0.909961,0,138.1698
2026-03-13T13:39:00+00:00,JCT01_ARM_NORTH,JCT01,ARM_NORTH,NORMAL,109,58,0,0.0954,8.53,33250.3,912389.3,2.39,-0.41866,-0.908143,0,135.4558
2026-03-13T13:40:00+00:00,JCT01_ARM_NORTH,JCT01,ARM_NORTH,NORMAL,109,47,1,0.1385,8.32,33597.0,964543.1,2.28,-0.422618,-0.906308,0,57.5732
2026-03-13T13:41:00+00:00,JCT01_ARM_NORTH,JCT01,ARM_NORTH,NORMAL,109,47,0,0.1325,8.43,37130.8,1041557.2,2.26,-0.426569,-0.904455,0,172.5206
2026-03-13T13:42:00+00:00,JCT01_ARM_NORTH,JCT01,ARM_NORTH,NORMAL,109,49,0,0.0988,5.81,26778.2,693794.5,1.92,-0.430511,-0.902585,0,72.1809
2026-03-13T13:43:00+00:00,JCT01_ARM_NORTH,JCT01,ARM_NORTH,NORMAL,109,42,0,0.0903,7.84,40846.9,1103597.7,1.75,-0.434445,-0.900698,0,150.3364
2026-03-13T13:44:00+00:00,JCT01_ARM_NORTH,JCT01,ARM_NORTH,NORMAL,109,41,0,0.0959,6.29,35957.0,938000.3,1.6,-0.438371,-0.898794,0,148.4799
2026-03-13T13:45:00+00:00,JCT01_ARM_NORTH,JCT01,ARM_NORTH,NORMAL,109,52,0,0.1388,7.81,33372.1,897321.4,2.26,-0.442289,-0.896873,0,195.1324
2026-03-13T13:46:00+00:00,JCT01_ARM_NORTH,JCT01,ARM_NORTH,NORMAL,109,52,0,0.0726,6.27,28899.5,817070.6,1.94,-0.446198,-0.894934,0,-71.3311
2026-03-13T13:47:00+00:00,JCT01_ARM_NORTH,JCT01,ARM_NORTH,NORMAL,109,36,1,0.1867,6.9,29880.1,682775.7,1.91,-0.450098,-0.892979,0,53.5947
2026-03-13T13:48:00+00:00,JCT01_ARM_NORTH,JCT01,ARM_NORTH,NORMAL,109,54,0,0.2298,7.75,28988.2,807070.6,2.36,-0.45399,-0.891007,0,115.5812
2026-03-13T13:49:00+00:00,JCT01_ARM_NORTH,JCT01,ARM_NORTH,NORMAL,109,50,0,0.1208,6.81,30392.9,964543.1,2.1,-0.457874,-0.889017,0,34.5227
2026-03-13T13:50:00+00:00,JCT01_ARM_NORTH,JCT01,ARM_NORTH,NORMAL,109,48,0,0.1525,9.44,38478.7,1041557.2,2.38,-0.461749,-0.887011,0,157.7458
2026-03-13T13:51:00+00:00,JCT01_ARM_NORTH,JCT01,ARM_NORTH,NORMAL,109,46,1,0.0911,5.58,25128.7,868424.4,1.96,-0.465615,-0.884988,0,49.5994
2026-03-13T13:52:00+00:00,JCT01_ARM_NORTH,JCT01,ARM_NORTH,NORMAL,109,45,0,0.0927,8.38,41507.8,1103597.7,1.87,-0.469472,-0.882948,0,169.1396
2026-03-13T13:53:00+00:00,JCT01_ARM_NORTH,JCT01,ARM_NORTH,NORMAL,109,46,0,0.0875,6.45,36064.3,938000.3,1.66,-0.47332,-0.880891,0,132.3742
2026-03-13T13:54:00+00:00,JCT01_ARM_NORTH,JCT01,ARM_NORTH,NORMAL,109,40,0,0.1438,7.18,36658.3,897321.4,1.85,-0.477159,-0.878817,0,249.9311
2026-03-13T13:55:00+00:00,JCT01_ARM_NORTH,JCT01,ARM_NORTH,NORMAL,109,54,0,0.1005,7.39,30227.6,817070.6,2.21,-0.480989,-0.876727,0,-37.9538
2026-03-13T13:56:00+00:00,JCT01_ARM_NORTH,JCT01,ARM_NORTH,NORMAL,109,40,0,0.1285,4.94,24695.6,401719.3,1.7,-0.48481,-0.87462,0,46.545
2026-03-13T13:57:00+00:00,JCT01_ARM_NORTH,JCT01,ARM_NORTH,NORMAL,109,44,0,0.2747,8.22,31969.7,807070.6,2.15,-0.488621,-0.872496,0,121.6601
2026-03-13T13:58:00+00:00,JCT01_ARM_NORTH,JCT01,ARM_NORTH,NORMAL,109,43,0,0.1005,6.66,36274.2,938000.3,1.68,-0.492424,-0.870356,0,124.9491
2026-03-13T13:59:00+00:00,JCT01_ARM_NORTH,JCT01,ARM_NORTH,NORMAL,109,53,0,0.1366,8.15,34358.1,897321.4,2.26,-0.496217,-0.868199,0,109.6912
2026-03-13T14:00:00+00:00,JCT01_ARM_NORTH,JCT01,ARM_NORTH,NORMAL,110,50,0,0.0766,5.56,26751.6,817070.6,1.87,-0.5,-0.866025,0,37.3037
2026-03-13T14:01:00+00:00,JCT01_ARM_NORTH,JCT01,ARM_NORTH,NORMAL,110,38,1,0.1923,7.03,30464.5,682775.7,1.93,-0.503774,-0.863836,0,52.1203
2026-03-13T14:02:00+00:00,JCT01_ARM_NORTH,JCT01,ARM_NORTH,NORMAL,110,47,0,0.2221,7.38,29274.4,807070.6,2.13,-0.507538,-0.861629,0,76.706
2026-03-13T14:03:00+00:00,JCT01_ARM_NORTH,JCT01,ARM_NORTH,NORMAL,110,40,0,0.1331,5.03,25163.8,401719.3,1.69,-0.511293,-0.859406,0,36.4251
2026-03-13T14:04:00+00:00,JCT01_ARM_NORTH,JCT01,ARM_NORTH,NORMAL,110,45,1,0.2812,8.66,32025.2,807070.6,2.26,-0.515038,-0.857167,0,108.0529
2026-03-13T14:05:00+00:00,JCT01_ARM_NORTH,JCT01,ARM_NORTH,NORMAL,110,44,0,0.2845,8.16,30925.3,807070.6,2.15,-0.518773,-0.854912,0,58.0537
2026-03-13T14:06:00+00:00,JCT01_ARM_NORTH,JCT01,ARM_NORTH,NORMAL,110,41,0,0.3309,6.91,27849.7,807070.6,2.03,-0.522499,-0.85264,0,154.8684
2026-03-15T11:16:00+00:00,JCT01_ARM_SOUTH,JCT01,ARM_SOUTH,NORMAL,155,27,1,0.0565,1.49,19851.4,285990.7,0.7,0.190809,-0.981627,0,0.0
2026-03-15T11:17:00+00:00,JCT01_ARM_SOUTH,JCT01,ARM_SOUTH,NORMAL,155,33,1,0.0561,2.0,20668.9,309469.8,0.85,0.186524,-0.98245,0,0.0
2026-03-15T11:18:00+00:00,JCT01_ARM_SOUTH,JCT01,ARM_SOUTH,NORMAL,155,24,1,0.0296,0.8,15203.1,327612.0,0.47,0.182236,-0.983255,0,0.0
2026-03-15T11:19:00+00:00,JCT01_ARM_SOUTH,JCT01,ARM_SOUTH,NORMAL,155,26,1,0.0168,0.98,17701.0,279710.4,0.49,0.177944,-0.984041,0,0.0
2026-03-15T11:20:00+00:00,JCT01_ARM_SOUTH,JCT01,ARM_SOUTH,NORMAL,155,29,1,0.0276,1.89,19681.2,268305.7,0.77,0.173648,-0.984808,0,0.0
2026-03-15T11:21:00+00:00,JCT01_ARM_SOUTH,JCT01,ARM_SOUTH,NORMAL,155,16,1,0.035,0.75,20298.1,263672.1,0.32,0.16935,-0.985556,0,0.0
2026-03-15T11:22:00+00:00,JCT01_ARM_SOUTH,JCT01,ARM_SOUTH,NORMAL,155,40,1,0.0391,1.09,14326.1,461175.7,0.66,0.165048,-0.986286,0,0.0
2026-03-15T11:23:00+00:00,JCT01_ARM_SOUTH,JCT01,ARM_SOUTH,NORMAL,155,24,1,0.0472,0.59,10051.1,80963.1,0.49,0.160743,-0.986996,0,0.0
2026-03-15T11:24:00+00:00,JCT01_ARM_SOUTH,JCT01,ARM_SOUTH,NORMAL,155,29,0,0.0228,0.82,13638.3,165375.3,0.42,0.156434,-0.987688,0,0.0
2026-03-15T11:25:00+00:00,JCT01_ARM_SOUTH,JCT01,ARM_SOUTH,NORMAL,155,22,1,0.085,1.58,20036.0,265895.6,0.71,0.152123,-0.988362,0,0.0
2026-03-15T11:26:00+00:00,JCT01_ARM_SOUTH,JCT01,ARM_SOUTH,NORMAL,155,39,1,0.0189,1.06,10675.5,87324.2,0.56,0.147809,-0.989016,0,0.0
2026-03-15T11:27:00+00:00,JCT01_ARM_SOUTH,JCT01,ARM_SOUTH,NORMAL,155,26,1,0.1898,2.7,26640.3,345382.4,0.75,0.143493,-0.989651,0,0.0
2026-03-15T11:28:00+00:00,JCT01_ARM_SOUTH,JCT01,ARM_SOUTH,NORMAL,155,27,1,0.0516,0.96,14041.4,232694.5,0.61,0.139173,-0.990268,0,0.0
2026-03-15T11:29:00+00:00,JCT01_ARM_SOUTH,JCT01,ARM_SOUTH,NORMAL,155,40,1,0.0355,1.9,19541.9,285281.1,0.95,0.134851,-0.990866,0,0.0
2026-03-15T11:30:00+00:00,JCT01_ARM_SOUTH,JCT01,ARM_SOUTH,NORMAL,155,33,1,0.0988,1.88,22400.8,270563.1,0.63,0.130526,-0.991445,0,0.0
2026-03-15T11:31:00+00:00,JCT01_ARM_SOUTH,JCT01,ARM_SOUTH,NORMAL,155,23,0,0.0165,1.41,24898.7,379069.5,0.45,0.126199,-0.992005,0,0.0
2026-03-15T11:32:00+00:00,JCT01_ARM_SOUTH,JCT01,ARM_SOUTH,NORMAL,155,22,0,0.056,0.72,13361.6,172020.2,0.35,0.121869,-0.992546,0,0.0
2026-03-15T11:33:00+00:00,JCT01_ARM_SOUTH,JCT01,ARM_SOUTH,NORMAL,155,25,1,0.0627,1.53,19800.8,265895.6,0.72,0.117537,-0.993068,0,0.0
2026-03-15T11:34:00+00:00,JCT01_ARM_SOUTH,JCT01,ARM_SOUTH,NORMAL,155,38,1,0.0712,1.28,11241.5,345382.4,0.61,0.113203,-0.993572,0,0.0
2026-03-15T11:35:00+00:00,JCT01_ARM_SOUTH,JCT01,ARM_SOUTH,NORMAL,155,29,1,0.1382,2.69,28412.7,291598.8,0.77,0.108867,-0.994056,0,0.0
2026-03-15T11:36:00+00:00,JCT01_ARM_SOUTH,JCT01,ARM_SOUTH,NORMAL,155,28,1,0.0645,0.87,11771.8,83843.7,0.68,0.104528,-0.994522,0,0.0
2026-03-15T11:37:00+00:00,JCT01_ARM_SOUTH,JCT01,ARM_SOUTH,NORMAL,155,38,1,0.0223,1.85,20805.1,285281.1,0.84,0.100188,-0.994969,0,0.0
2026-03-15T11:38:00+00:00,JCT01_ARM_SOUTH,JCT01,ARM_SOUTH,NORMAL,155,31,1,0.0979,2.14,25680.6,270563.1,0.62,0.095846,-0.995396,0,0.0
2026-03-15T11:39:00+00:00,JCT01_ARM_SOUTH,JCT01,ARM_SOUTH,NORMAL,155,31,1,0.0361,1.71,23380.0,379069.5,0.63,0.091502,-0.995805,0,0.0
2026-03-15T11:40:00+00:00,JCT01_ARM_SOUTH,JCT01,ARM_SOUTH,NORMAL,155,28,1,0.0588,1.04,13948.7,260907.7,0.7,0.087156,-0.996195,0,0.0
2026-03-15T11:41:00+00:00,JCT01_ARM_SOUTH,JCT01,ARM_SOUTH,NORMAL,155,39,1,0.0208,1.76,20658.1,285281.1,0.79,0.082808,-0.996566,0,0.0
2026-03-15T11:42:00+00:00,JCT01_ARM_SOUTH,JCT01,ARM_SOUTH,NORMAL,155,29,1,0.101,2.01,24530.6,248521.4,0.6,0.078459,-0.996917,0,0.0
2026-03-15T11:43:00+00:00,JCT01_ARM_SOUTH,JCT01,ARM_SOUTH,NORMAL,155,31,1,0.0239,1.82,24234.5,379069.5,0.66,0.074108,-0.99725,0,0.0
2026-03-15T11:44:00+00:00,JCT01_ARM_SOUTH,JCT01,ARM_SOUTH,NORMAL,155,30,1,0.1075,1.85,23970.0,248521.4,0.58,0.069756,-0.997564,0,0.0
2026-03-15T11:45:00+00:00,JCT01_ARM_SOUTH,JCT01,ARM_SOUTH,NORMAL,155,26,0,0.0105,1.56,29411.3,379069.5,0.42,0.065403,-0.997859,0,0.0
2026-03-15T11:46:00+00:00,JCT01_ARM_SOUTH,JCT01,ARM_SOUTH,NORMAL,155,26,1,0.0139,2.0,34598.7,379069.5,0.55,0.061049,-0.998135,0,0.0
2026-03-15T11:53:00+00:00,JCT01_ARM_SOUTH,JCT01,ARM_SOUTH,NORMAL,155,21,1,0.0375,0.72,14980.8,70891.1,0.4,0.030539,-0.999534,0,0.0
2026-03-15T11:54:00+00:00,JCT01_ARM_SOUTH,JCT01,ARM_SOUTH,NORMAL,155,28,1,0.03,1.13,16101.5,209898.4,0.63,0.026177,-0.999657,0,0.0
2026-03-15T11:55:00+00:00,JCT01_ARM_SOUTH,JCT01,ARM_SOUTH,NORMAL,155,24,1,0.0358,1.21,18143.4,222372.6,0.64,0.021815,-0.999762,0,0.0
2026-03-15T11:56:00+00:00,JCT01_ARM_SOUTH,JCT01,ARM_SOUTH,NORMAL,155,27,1,0.0337,1.41,19223.9,208489.0,0.72,0.017452,-0.999848,0,0.0
2026-03-15T11:57:00+00:00,JCT01_ARM_SOUTH,JCT01,ARM_SOUTH,NORMAL,155,25,1,0.0589,1.24,20011.5,375497.7,0.55,0.01309,-0.999914,0,0.0
2026-03-15T11:58:00+00:00,JCT01_ARM_SOUTH,JCT01,ARM_SOUTH,NORMAL,155,24,1,0.1096,1.59,16863.8,228709.7,0.85,0.008727,-0.999962,0,0.0
2026-03-15T11:59:00+00:00,JCT01_ARM_SOUTH,JCT01,ARM_SOUTH,NORMAL,155,18,1,0.0588,1.2,17473.5,159233.1,0.61,0.004363,-0.99999,0,0.0
2026-03-15T12:00:00+00:00,JCT01_ARM_SOUTH,JCT01,ARM_SOUTH,NORMAL,156,28,1,0.0378,1.88,24238.7,314468.8,0.78,0.0,-1.0,0,0.0
2026-03-15T12:01:00+00:00,JCT01_ARM_SOUTH,JCT01,ARM_SOUTH,NORMAL,156,22,1,0.043,1.33,20567.9,189309.5,0.55,-0.004363,-0.99999,0,0.0
2026-03-15T12:02:00+00:00,JCT01_ARM_SOUTH,JCT01,ARM_SOUTH,NORMAL,156,15,1,0.0225,0.77,20469.6,188665.4,0.31,-0.008727,-0.999962,0,0.0
2026-03-15T12:03:00+00:00,JCT01_ARM_SOUTH,JCT01,ARM_SOUTH,OFF_PEAK_JAM,156,21,1,0.0415,1.38,21112.9,209540.9,0.59,-0.01309,-0.999914,0,0.0
2026-03-15T12:04:00+00:00,JCT01_ARM_SOUTH,JCT01,ARM_SOUTH,NORMAL,156,23,1,0.0488,1.12,16645.3,178797.1,0.55,-0.017452,-0.999848,0,0.0
2026-03-15T12:05:00+00:00,JCT01_ARM_SOUTH,JCT01,ARM_SOUTH,NORMAL,156,16,1,0.1929,1.62,24312.9,198044.6,0.53,-0.021815,-0.999762,0,0.0
2026-03-15T12:06:00+00:00,JCT01_ARM_SOUTH,JCT01,ARM_SOUTH,NORMAL,156,21,1,0.036,1.44,17835.3,206757.2,0.64,-0.026177,-0.999657,0,0.0
2026-03-15T12:07:00+00:00,JCT01_ARM_SOUTH,JCT01,ARM_SOUTH,NORMAL,156,25,1,0.0235,1.47,17765.5,184693.6,0.72,-0.030539,-0.999534,0,0.0
2026-03-15T12:08:00+00:00,JCT01_ARM_SOUTH,JCT01,ARM_SOUTH,NORMAL,156,26,1,0.0135,1.46,24541.0,207192.5,0.54,-0.034899,-0.999391,0,0.0
2026-03-15T12:09:00+00:00,JCT01_ARM_SOUTH,JCT01,ARM_SOUTH,NORMAL,156,21,1,0.013,0.95,15815.5,65325.2,0.53,-0.03926,-0.999229,0,0.0
2026-03-15T12:10:00+00:00,JCT01_ARM_SOUTH,JCT01,ARM_SOUTH,NORMAL,156,15,1,0.0314,0.88,17879.9,195906.2,0.33,-0.043619,-0.999048,0,0.0
2026-03-15T12:11:00+00:00,JCT01_ARM_SOUTH,JCT01,ARM_SOUTH,NORMAL,156,32,1,0.0125,1.14,16851.8,183745.1,0.65,-0.047978,-0.998848,0,0.0
2026-03-15T12:12:00+00:00,JCT01_ARM_SOUTH,JCT01,ARM_SOUTH,NORMAL,156,27,1,0.026,1.17,17688.4,179594.6,0.59,-0.052336,-0.99863,0,0.0
2026-03-15T12:13:00+00:00,JCT01_ARM_SOUTH,JCT01,ARM_SOUTH,NORMAL,156,23,1,0.0154,1.3,20268.3,216906.0,0.56,-0.056693,-0.998392,0,0.0
2026-03-15T12:14:00+00:00,JCT01_ARM_SOUTH,JCT01,ARM_SOUTH,NORMAL,156,18,1,0.0108,0.93,18243.9,225682.5,0.47,-0.061049,-0.998135,0,0.0
2026-03-15T12:15:00+00:00,JCT01_ARM_SOUTH,JCT01,ARM_SOUTH,NORMAL,156,23,1,0.0487,1.36,18374.9,218021.8,0.63,-0.065403,-0.997859,0,0.0
2026-03-15T12:16:00+00:00,JCT01_ARM_SOUTH,JCT01,ARM_SOUTH,NORMAL,156,38,1,0.0503,1.94,17492.0,175080.9,0.91,-0.069756,-0.997564,0,0.0
2026-03-15T12:17:00+00:00,JCT01_ARM_SOUTH,JCT01,ARM_SOUTH,NORMAL,156,27,1,0.0203,1.41,17808.3,228747.8,0.66,-0.074108,-0.99725,0,0.0
2026-03-15T12:18:00+00:00,JCT01_ARM_SOUTH,JCT01,ARM_SOUTH,NORMAL,156,22,1,0.0305,1.4,22916.7,240704.3,0.54,-0.078459,-0.996917,0,0.0
2026-03-15T12:19:00+00:00,JCT01_ARM_SOUTH,JCT01,ARM_SOUTH,NORMAL,156,23,1,0.033,1.4,17722.6,206757.2,0.64,-0.082808,-0.996566,0,0.0
2026-03-15T12:20:00+00:00,JCT01_ARM_SOUTH,JCT01,ARM_SOUTH,NORMAL,156,26,1,0.0272,1.63,17625.1,184693.6,0.78,-0.087156,-0.996195,0,0.0
2026-03-15T12:21:00+00:00,JCT01_ARM_SOUTH,JCT01,ARM_SOUTH,NORMAL,156,25,1,0.0133,1.29,22315.5,191485.1,0.51,-0.091502,-0.995805,0,0.0
2026-03-15T12:22:00+00:00,JCT01_ARM_SOUTH,JCT01,ARM_SOUTH,NORMAL,156,22,1,0.0119,1.04,18939.5,207192.5,0.51,-0.095846,-0.995396,0,0.0
2026-03-15T12:23:00+00:00,JCT01_ARM_SOUTH,JCT01,ARM_SOUTH,NORMAL,156,15,1,0.0304,0.96,17431.5,195906.2,0.38,-0.100188,-0.994969,0,0.0
2026-03-15T12:24:00+00:00,JCT01_ARM_SOUTH,JCT01,ARM_SOUTH,NORMAL,156,28,1,0.0134,1.04,16578.9,183745.1,0.6,-0.104528,-0.994522,0,0.0
2026-03-15T12:25:00+00:00,JCT01_ARM_SOUTH,JCT01,ARM_SOUTH,NORMAL,156,32,1,0.0244,1.18,18086.8,179594.6,0.59,-0.108867,-0.994056,0,0.0
2026-03-15T12:26:00+00:00,JCT01_ARM_SOUTH,JCT01,ARM_SOUTH,NORMAL,156,21,1,0.0159,1.36,20153.9,216906.0,0.58,-0.113203,-0.993572,0,0.0
2026-03-15T12:27:00+00:00,JCT01_ARM_SOUTH,JCT01,ARM_SOUTH,NORMAL,156,20,1,0.011,0.97,18160.0,225682.5,0.49,-0.117537,-0.993068,0,0.0
2026-03-15T12:28:00+00:00,JCT01_ARM_SOUTH,JCT01,ARM_SOUTH,NORMAL,156,22,1,0.0507,1.31,18344.4,218021.8,0.61,-0.121869,-0.992546,0,0.0
2026-03-15T12:29:00+00:00,JCT01_ARM_SOUTH,JCT01,ARM_SOUTH,NORMAL,156,36,1,0.051,1.87,17341.0,175080.9,0.87,-0.126199,-0.992005,0,0.0
2026-03-15T12:30:00+00:00,JCT01_ARM_SOUTH,JCT01,ARM_SOUTH,NORMAL,156,29,1,0.0198,1.3,17265.2,180823.1,0.65,-0.130526,-0.991445,0,0.0
2026-03-15T12:31:00+00:00,JCT01_ARM_SOUTH,JCT01,ARM_SOUTH,NORMAL,156,22,1,0.024,1.57,24181.5,240704.3,0.55,-0.134851,-0.990866,0,0.0
2026-03-15T12:32:00+00:00,JCT01_ARM_SOUTH,JCT01,ARM_SOUTH,NORMAL,156,28,1,0.021,1.5,19546.5,179594.6,0.72,-0.139173,-0.990268,0,0.0
2026-03-15T12:33:00+00:00,JCT01_ARM_SOUTH,JCT01,ARM_SOUTH,NORMAL,156,15,1,0.022,1.0,21535.7,225682.5,0.41,-0.143493,-0.989651,0,0.0
2026-03-15T12:34:00+00:00,JCT01_ARM_SOUTH,JCT01,ARM_SOUTH,NORMAL,156,27,1,0.0392,1.29,16215.5,100120.0,0.65,-0.147809,-0.989016,0,0.0
2026-03-15T12:35:00+00:00,JCT01_ARM_SOUTH,JCT01,ARM_SOUTH,NORMAL,156,25,1,0.0397,1.42,18051.7,218021.8,0.68,-0.152123,-0.988362,0,0.0
2026-03-15T12:36:00+00:00,JCT01_ARM_SOUTH,JCT01,ARM_SOUTH,NORMAL,156,33,1,0.0457,1.53,16134.2,69160.7,0.76,-0.156434,-0.987688,0,0.0
2026-03-15T12:37:00+00:00,JCT01_ARM_SOUTH,JCT01,ARM_SOUTH,NORMAL,156,27,1,0.0175,1.49,20056.5,228747.8,0.59,-0.160743,-0.986996,0,0.0
2026-03-15T12:38:00+00:00,JCT01_ARM_SOUTH,JCT01,ARM_SOUTH,NORMAL,156,22,1,0.0375,1.42,22649.8,240704.3,0.56,-0.165048,-0.986286,0,0.0
2026-03-15T12:39:00+00:00,JCT01_ARM_SOUTH,JCT01,ARM_SOUTH,NORMAL,156,40,1,0.0457,1.89,16966.1,90929.9,0.93,-0.16935,-0.985556,0,0.0
2026-03-15T12:40:00+00:00,JCT01_ARM_SOUTH,JCT01,ARM_SOUTH,NORMAL,156,26,1,0.0217,1.43,18364.5,228747.8,0.64,-0.173648,-0.984808,0,0.0
2026-03-15T12:41:00+00:00,JCT01_ARM_SOUTH,JCT01,ARM_SOUTH,NORMAL,156,24,1,0.0303,1.43,21873.8,240704.3,0.58,-0.177944,-0.984041,0,0.0
2026-03-15T12:42:00+00:00,JCT01_ARM_SOUTH,JCT01,ARM_SOUTH,NORMAL,156,24,1,0.0174,1.82,24256.2,240704.3,0.63,-0.182236,-0.983255,0,0.0
2026-03-15T12:43:00+00:00,JCT01_ARM_SOUTH,JCT01,ARM_SOUTH,NORMAL,156,27,1,0.0314,1.52,22560.4,240704.3,0.64,-0.186524,-0.98245,0,0.0
2026-03-15T12:44:00+00:00,JCT01_ARM_SOUTH,JCT01,ARM_SOUTH,NORMAL,156,22,1,0.0538,0.85,14306.2,61362.8,0.54,-0.190809,-0.981627,0,0.0
2026-03-15T12:51:00+00:00,JCT01_ARM_SOUTH,JCT01,ARM_SOUTH,NORMAL,156,19,1,0.0376,0.96,14786.0,187380.9,0.5,-0.220697,-0.975342,0,0.0
2026-03-15T12:52:00+00:00,JCT01_ARM_SOUTH,JCT01,ARM_SOUTH,NORMAL,156,22,1,0.0309,1.4,20215.6,184389.1,0.52,-0.224951,-0.97437,0,0.0
2026-03-15T12:53:00+00:00,JCT01_ARM_SOUTH,JCT01,ARM_SOUTH,NORMAL,156,23,1,0.0344,1.18,16190.8,170610.5,0.58,-0.2292,-0.973379,0,0.0
2026-03-15T12:54:00+00:00,JCT01_ARM_SOUTH,JCT01,ARM_SOUTH,NORMAL,156,23,1,0.0334,1.22,16343.6,151571.3,0.59,-0.233445,-0.97237,0,0.0
2026-03-15T12:55:00+00:00,JCT01_ARM_SOUTH,JCT01,ARM_SOUTH,NORMAL,156,24,1,0.0551,1.23,17178.5,161240.5,0.51,-0.237686,-0.971342,0,0.0
2026-03-15T12:56:00+00:00,JCT01_ARM_SOUTH,JCT01,ARM_SOUTH,NORMAL,156,28,1,0.0132,1.28,19115.8,172435.1,0.56,-0.241922,-0.970296,0,0.0
2026-03-15T12:57:00+00:00,JCT01_ARM_SOUTH,JCT01,ARM_SOUTH,NORMAL,156,15,1,0.0509,1.33,26264.0,247113.7,0.42,-0.246153,-0.969231,0,0.0
2026-03-15T12:58:00+00:00,JCT01_ARM_SOUTH,JCT01,ARM_SOUTH,NORMAL,156,27,1,0.2305,2.57,17394.3,228044.6,1.06,-0.25038,-0.968148,0,0.0
2026-03-15T12:59:00+00:00,JCT01_ARM_SOUTH,JCT01,ARM_SOUTH,NORMAL,156,31,1,0.0546,1.93,19926.1,174675.6,0.92,-0.254602,-0.967046,0,0.0
2026-03-15T13:00:00+00:00,JCT01_ARM_SOUTH,JCT01,ARM_SOUTH,NORMAL,157,23,1,0.0595,1.29,18911.8,155775.7,0.61,-0.258819,-0.965926,0,0.0
2026-03-15T13:01:00+00:00,JCT01_ARM_SOUTH,JCT01,ARM_SOUTH,NORMAL,157,28,1,0.0512,1.53,16187.8,191523.7,0.83,-0.263031,-0.964787,0,0.0
2026-03-15T13:02:00+00:00,JCT01_ARM_SOUTH,JCT01,ARM_SOUTH,NORMAL,157,19,1,0.1075,1.26,14933.8,156155.1,0.54,-0.267238,-0.96363,0,0.0
2026-03-15T13:03:00+00:00,JCT01_ARM_SOUTH,JCT01,ARM_SOUTH,NORMAL,157,24,1,0.071,1.38,18624.0,210400.1,0.56,-0.27144,-0.962455,0,0.0
2026-03-15T13:04:00+00:00,JCT01_ARM_SOUTH,JCT01,ARM_SOUTH,NORMAL,157,23,1,0.0207,1.14,18857.5,182544.3,0.56,-0.275637,-0.961262,0,0.0
2026-03-15T13:05:00+00:00,JCT01_ARM_SOUTH,JCT01,ARM_SOUTH,NORMAL,157,28,1,0.0707,1.44,13634.3,135471.1,0.74,-0.279829,-0.96005,0,0.0
2026-03-15T13:06:00+00:00,JCT01_ARM_SOUTH,JCT01,ARM_SOUTH,NORMAL,157,29,1,0.0541,2.43,19604.5,177461.9,0.81,-0.284015,-0.95882,0,0.0
2026-03-15T13:07:00+00:00,JCT01_ARM_SOUTH,JCT01,ARM_SOUTH,NORMAL,157,17,1,0.0435,1.08,16250.9,202861.9,0.51,-0.288196,-0.957571,0,0.0
2026-03-15T13:08:00+00:00,JCT01_ARM_SOUTH,JCT01,ARM_SOUTH,NORMAL,157,16,1,0.0666,0.88,16351.2,182502.0,0.41,-0.292372,-0.956305,0,0.0
2026-03-15T13:09:00+00:00,JCT01_ARM_SOUTH,JCT01,ARM_SOUTH,NORMAL,157,16,1,0.0434,0.84,14610.7,188713.4,0.46,-0.296542,-0.95502,0,0.0
2026-03-15T13:10:00+00:00,JCT01_ARM_SOUTH,JCT01,ARM_SOUTH,NORMAL,157,19,1,0.1029,0.85,13749.3,160937.0,0.51,-0.300706,-0.953717,0,0.0
2026-03-15T13:11:00+00:00,JCT01_ARM_SOUTH,JCT01,ARM_SOUTH,NORMAL,157,14,1,0.0664,0.82,16465.8,216961.3,0.36,-0.304864,-0.952396,0,0.0
2026-03-15T13:12:00+00:00,JCT01_ARM_SOUTH,JCT01,ARM_SOUTH,NORMAL,157,20,1,0.0706,1.49,18620.3,441987.6,0.54,-0.309017,-0.951057,0,0.0
2026-03-15T13:13:00+00:00,JCT01_ARM_SOUTH,JCT01,ARM_SOUTH,NORMAL,157,31,1,0.0372,1.45,17821.0,200676.7,0.64,-0.313164,-0.949699,0,0.0
2026-03-15T13:14:00+00:00,JCT01_ARM_SOUTH,JCT01,ARM_SOUTH,NORMAL,157,26,1,0.0928,1.28,14472.4,167126.9,0.71,-0.317305,-0.948324,0,0.0
2026-03-15T13:15:00+00:00,JCT01_ARM_SOUTH,JCT01,ARM_SOUTH,NORMAL,157,22,1,0.0772,1.38,13407.0,153214.2,0.73,-0.321439,-0.94693,0,0.0
2026-03-15T13:16:00+00:00,JCT01_ARM_SOUTH,JCT01,ARM_SOUTH,NORMAL,157,34,1,0.0687,1.98,17915.6,184173.3,0.89,-0.325568,-0.945519,0,0.0
2026-03-15T13:17:00+00:00,JCT01_ARM_SOUTH,JCT01,ARM_SOUTH,NORMAL,157,23,1,0.034,1.17,14648.9,150872.3,0.56,-0.329691,-0.944089,0,0.0
2026-03-15T13:18:00+00:00,JCT01_ARM_SOUTH,JCT01,ARM_SOUTH,NORMAL,157,25,1,0.0663,1.62,18134.6,182544.3,0.75,-0.333807,-0.942641,0,0.0
2026-03-15T13:19:00+00:00,JCT01_ARM_SOUTH,JCT01,ARM_SOUTH,NORMAL,157,30,1,0.0421,2.26,17516.0,161200.3,0.74,-0.337917,-0.941176,0,0.0
2026-03-15T13:20:00+00:00,JCT01_ARM_SOUTH,JCT01,ARM_SOUTH,NORMAL,157,22,1,0.0491,1.42,19256.9,202861.9,0.61,-0.34202,-0.939693,0,0.0
2026-03-15T13:21:00+00:00,JCT01_ARM_SOUTH,JCT01,ARM_SOUTH,NORMAL,157,13,1,0.0641,0.79,15920.1,182502.0,0.38,-0.346117,-0.938191,0,0.0
2026-03-15T13:22:00+00:00,JCT01_ARM_SOUTH,JCT01,ARM_SOUTH,NORMAL,157,18,1,0.0666,0.78,13107.8,181820.1,0.49,-0.350207,-0.936672,0,0.0
2026-03-15T13:23:00+00:00,JCT01_ARM_SOUTH,JCT01,ARM_SOUTH,NORMAL,157,19,1,0.0739,1.04,15431.5,188713.4,0.53,-0.354291,-0.935135,0,0.0
2026-03-15T13:24:00+00:00,JCT01_ARM_SOUTH,JCT01,ARM_SOUTH,NORMAL,157,11,1,0.1163,0.62,13090.1,108412.4,0.3,-0.358368,-0.93358,0,0.0
2026-03-15T13:25:00+00:00,JCT01_ARM_SOUTH,JCT01,ARM_SOUTH,NORMAL,157,16,1,0.0546,1.28,21239.9,441987.6,0.46,-0.362438,-0.932008,0,0.0
2026-03-15T13:26:00+00:00,JCT01_ARM_SOUTH,JCT01,ARM_SOUTH,NORMAL,157,31,1,0.0576,1.57,15857.3,200676.7,0.73,-0.366501,-0.930418,0,0.0
2026-03-15T13:27:00+00:00,JCT01_ARM_SOUTH,JCT01,ARM_SOUTH,NORMAL,157,27,1,0.0696,1.2,15280.2,153150.1,0.56,-0.370557,-0.92881,0,0.0
2026-03-15T13:28:00+00:00,JCT01_ARM_SOUTH,JCT01,ARM_SOUTH,NORMAL,157,24,1,0.0758,1.32,13568.9,167126.9,0.75,-0.374607,-0.927184,0,0.0
2026-03-15T13:29:00+00:00,JCT01_ARM_SOUTH,JCT01,ARM_SOUTH,NORMAL,157,28,1,0.0834,1.5,16419.1,184173.3,0.8,-0.378649,-0.925541,0,0.0
2026-03-15T13:30:00+00:00,JCT01_ARM_SOUTH,JCT01,ARM_SOUTH,NORMAL,157,27,1,0.0519,1.83,16693.4,150872.3,0.73,-0.382683,-0.92388,0,0.0
2026-03-15T13:31:00+00:00,JCT01_ARM_SOUTH,JCT01,ARM_SOUTH,NORMAL,157,14,1,0.0651,0.82,16304.8,216961.3,0.35,-0.386711,-0.922201,0,0.0
2026-03-15T13:32:00+00:00,JCT01_ARM_SOUTH,JCT01,ARM_SOUTH,NORMAL,157,20,1,0.0708,1.49,18710.8,441987.6,0.54,-0.390731,-0.920505,0,0.0
2026-03-15T13:33:00+00:00,JCT01_ARM_SOUTH,JCT01,ARM_SOUTH,NORMAL,157,31,1,0.0367,1.46,17903.0,200676.7,0.65,-0.394744,-0.918791,0,0.0
2026-03-15T13:34:00+00:00,JCT01_ARM_SOUTH,JCT01,ARM_SOUTH,NORMAL,157,26,1,0.0926,1.29,14437.1,167126.9,0.72,-0.398749,-0.91706,0,0.0
2026-03-15T13:35:00+00:00,JCT01_ARM_SOUTH,JCT01,ARM_SOUTH,NORMAL,157,22,1,0.0775,1.38,13433.3,153214.2,0.73,-0.402747,-0.915311,0,0.0
2026-03-15T13:36:00+00:00,JCT01_ARM_SOUTH,JCT01,ARM_SOUTH,NORMAL,157,34,1,0.069,1.96,17860.6,184173.3,0.88,-0.406737,-0.913545,0,0.0
2026-03-15T13:37:00+00:00,JCT01_ARM_SOUTH,JCT01,ARM_SOUTH,NORMAL,157,19,1,0.0727,1.0,12798.2,150872.3,0.52,-0.410719,-0.911762,0,0.0
2026-03-15T13:38:00+00:00,JCT01_ARM_SOUTH,JCT01,ARM_SOUTH,NORMAL,157,24,1,0.0765,1.33,13577.3,167126.9,0.75,-0.414693,-0.909961,0,0.0
2026-03-15T13:39:00+00:00,JCT01_ARM_SOUTH,JCT01,ARM_SOUTH,NORMAL,157,28,1,0.0836,1.5,16423.0,184173.3,0.8,-0.41866,-0.908143,0,0.0
2026-03-15T13:40:00+00:00,JCT01_ARM_SOUTH,JCT01,ARM_SOUTH,NORMAL,157,26,1,0.0519,1.82,16594.9,127197.4,0.73,-0.422618,-0.906308,0,0.0
2026-03-15T13:41:00+00:00,JCT01_ARM_SOUTH,JCT01,ARM_SOUTH,NORMAL,157,34,1,0.0684,1.98,17984.6,184173.3,0.87,-0.426569,-0.904455,0,0.0
2026-03-15T13:42:00+00:00,JCT01_ARM_SOUTH,JCT01,ARM_SOUTH,NORMAL,157,26,1,0.0465,1.74,15358.4,150872.3,0.68,-0.430511,-0.902585,0,0.0
2026-03-15T13:43:00+00:00,JCT01_ARM_SOUTH,JCT01,ARM_SOUTH,NORMAL,157,16,1,0.0257,0.9,14849.8,150872.3,0.41,-0.434445,-0.900698,0,0.0
2026-04-07T10:15:00+00:00,JCT01_ARM_SOUTH,JCT01,ARM_SOUTH,NORMAL,34,10,0,0.0447,0.64,13760.1,81912.9,0.34,0.442289,-0.896873,0,0.0
2026-04-07T10:16:00+00:00,JCT01_ARM_SOUTH,JCT01,ARM_SOUTH,NORMAL,34,21,0,0.0255,2.78,31055.7,293568.0,0.8,0.438371,-0.898794,0,0.0
2026-04-07T10:17:00+00:00,JCT01_ARM_SOUTH,JCT01,ARM_SOUTH,NORMAL,34,17,1,0.0076,1.88,21039.7,241546.6,0.76,0.434445,-0.900698,0,0.0
2026-04-07T10:18:00+00:00,JCT01_ARM_SOUTH,JCT01,ARM_SOUTH,NORMAL,34,15,0,0.021,2.79,22583.0,264299.1,1.17,0.430511,-0.902585,0,0.0
2026-04-07T10:19:00+00:00,JCT01_ARM_SOUTH,JCT01,ARM_SOUTH,NORMAL,34,18,0,0.0291,1.08,14137.7,84924.3,0.68,0.426569,-0.904455,0,0.0
2026-04-07T10:20:00+00:00,JCT01_ARM_SOUTH,JCT01,ARM_SOUTH,NORMAL,34,13,0,0.0109,1.82,26733.9,282712.1,0.57,0.422618,-0.906308,0,0.0
2026-04-07T10:21:00+00:00,JCT01_ARM_SOUTH,JCT01,ARM_SOUTH,NORMAL,34,13,1,0.0787,2.47,28104.4,279784.4,0.98,0.41866,-0.908143,0,0.0
2026-04-07T10:22:00+00:00,JCT01_ARM_SOUTH,JCT01,ARM_SOUTH,NORMAL,34,13,0,0.0052,1.41,24730.3,263625.8,0.55,0.414693,-0.909961,0,0.0
2026-04-07T10:23:00+00:00,JCT01_ARM_SOUTH,JCT01,ARM_SOUTH,NORMAL,34,10,1,0.2329,2.5,26473.9,88167.5,0.72,0.410719,-0.911762,0,0.0
2026-04-07T10:24:00+00:00,JCT01_ARM_SOUTH,JCT01,ARM_SOUTH,NORMAL,34,9,1,0.1545,2.72,27792.2,262732.3,0.87,0.406737,-0.913545,0,0.0
2026-04-07T10:25:00+00:00,JCT01_ARM_SOUTH,JCT01,ARM_SOUTH,NORMAL,34,13,0,0.0015,1.43,26241.9,276576.9,0.55,0.402747,-0.915311,0,0.0
2026-04-07T10:26:00+00:00,JCT01_ARM_SOUTH,JCT01,ARM_SOUTH,NORMAL,34,17,1,0.1284,1.95,17140.5,76943.2,1.02,0.398749,-0.91706,0,0.0
2026-04-07T10:27:00+00:00,JCT01_ARM_SOUTH,JCT01,ARM_SOUTH,NORMAL,34,19,1,0.002,1.44,23057.0,256932.1,0.66,0.394744,-0.918791,0,0.0
2026-04-07T10:28:00+00:00,JCT01_ARM_SOUTH,JCT01,ARM_SOUTH,NORMAL,34,15,0,0.0114,1.89,20836.2,130997.7,0.95,0.390731,-0.920505,0,0.0
2026-04-07T10:29:00+00:00,JCT01_ARM_SOUTH,JCT01,ARM_SOUTH,NORMAL,34,15,0,0.0072,1.21,18394.2,119820.2,0.63,0.386711,-0.922201,0,0.0
2026-04-07T10:30:00+00:00,JCT01_ARM_SOUTH,JCT01,ARM_SOUTH,NORMAL,34,27,1,0.0063,1.71,17706.5,193080.5,0.88,0.382683,-0.92388,0,0.0
2026-04-07T10:31:00+00:00,JCT01_ARM_SOUTH,JCT01,ARM_SOUTH,NORMAL,34,17,1,0.0061,1.8,19505.8,98262.9,0.9,0.378649,-0.925541,0,0.0
2026-04-07T10:32:00+00:00,JCT01_ARM_SOUTH,JCT01,ARM_SOUTH,NORMAL,34,20,0,0.0096,1.82,20801.4,268041.8,0.81,0.374607,-0.927184,0,0.0
2026-04-07T10:33:00+00:00,JCT01_ARM_SOUTH,JCT01,ARM_SOUTH,NORMAL,34,21,1,0.0329,1.61,15902.0,104650.0,0.9,0.370557,-0.92881,0,0.0
2026-04-07T10:34:00+00:00,JCT01_ARM_SOUTH,JCT01,ARM_SOUTH,NORMAL,34,12,0,0.0057,1.2,23506.7,253961.7,0.52,0.366501,-0.930418,0,0.0
2026-04-07T10:35:00+00:00,JCT01_ARM_SOUTH,JCT01,ARM_SOUTH,NORMAL,34,19,1,0.0379,2.11,23752.6,347594.2,0.89,0.362438,-0.932008,0,0.0
2026-04-07T10:36:00+00:00,JCT01_ARM_SOUTH,JCT01,ARM_SOUTH,NORMAL,34,14,0,0.0922,1.66,20655.7,268954.8,0.8,0.358368,-0.93358,0,0.0
2026-04-07T10:37:00+00:00,JCT01_ARM_SOUTH,JCT01,ARM_SOUTH,NORMAL,34,13,0,0.044,2.28,29191.3,288542.6,0.73,0.354291,-0.935135,0,0.0
2026-04-07T10:38:00+00:00,JCT01_ARM_SOUTH,JCT01,ARM_SOUTH,NORMAL,34,16,0,0.0579,1.82,24514.8,257210.7,0.74,0.350207,-0.936672,0,0.0
2026-04-07T10:39:00+00:00,JCT01_ARM_SOUTH,JCT01,ARM_SOUTH,NORMAL,34,17,0,0.04,1.14,15874.7,70235.6,0.6,0.346117,-0.938191,0,0.0
2026-04-07T10:40:00+00:00,JCT01_ARM_SOUTH,JCT01,ARM_SOUTH,NORMAL,34,13,0,0.0199,0.73,17106.9,76463.3,0.37,0.34202,-0.939693,0,0.0
2026-04-07T10:41:00+00:00,JCT01_ARM_SOUTH,JCT01,ARM_SOUTH,NORMAL,34,16,0,0.0305,1.11,16114.3,94264.4,0.68,0.337917,-0.941176,0,0.0
2026-04-07T10:42:00+00:00,JCT01_ARM_SOUTH,JCT01,ARM_SOUTH,NORMAL,34,12,1,0.0375,1.88,25795.7,285376.2,0.76,0.333807,-0.942641,0,0.0
2026-04-07T10:43:00+00:00,JCT01_ARM_SOUTH,JCT01,ARM_SOUTH,NORMAL,34,17,0,0.0103,1.91,27694.6,269677.1,0.76,0.329691,-0.944089,0,0.0
2026-04-07T10:44:00+00:00,JCT01_ARM_SOUTH,JCT01,ARM_SOUTH,NORMAL,34,19,0,0.0066,1.12,18928.3,68690.9,0.54,0.325568,-0.945519,0,0.0
2026-04-07T10:45:00+00:00,JCT01_ARM_SOUTH,JCT01,ARM_SOUTH,NORMAL,34,18,0,0.0206,1.05,15597.9,71096.6,0.64,0.321439,-0.94693,0,0.0
2026-04-07T10:46:00+00:00,JCT01_ARM_SOUTH,JCT01,ARM_SOUTH,NORMAL,34,14,0,0.047,0.74,15134.8,74250.4,0.48,0.317305,-0.948324,0,0.0
2026-04-07T10:47:00+00:00,JCT01_ARM_SOUTH,JCT01,ARM_SOUTH,NORMAL,34,21,1,0.0089,2.39,23142.6,261630.1,0.96,0.313164,-0.949699,0,0.0
2026-04-07T10:48:00+00:00,JCT01_ARM_SOUTH,JCT01,ARM_SOUTH,NORMAL,34,25,0,0.0353,2.06,18894.3,139614.9,1.01,0.309017,-0.951057,0,0.0
2026-04-07T10:49:00+00:00,JCT01_ARM_SOUTH,JCT01,ARM_SOUTH,NORMAL,34,16,0,0.0181,1.41,20436.8,262242.0,0.55,0.304864,-0.952396,0,0.0
2026-04-07T10:50:00+00:00,JCT01_ARM_SOUTH,JCT01,ARM_SOUTH,NORMAL,34,17,1,0.0067,1.43,18360.7,101870.8,0.72,0.300706,-0.953717,0,0.0
2026-04-07T10:51:00+00:00,JCT01_ARM_SOUTH,JCT01,ARM_SOUTH,NORMAL,34,17,1,0.0285,3.49,33957.5,281666.9,0.97,0.296542,-0.95502,0,0.0
2026-04-07T10:52:00+00:00,JCT01_ARM_SOUTH,JCT01,ARM_SOUTH,NORMAL,34,17,1,0.0242,1.3,16393.2,105580.0,0.72,0.292372,-0.956305,0,0.0
2026-04-07T10:53:00+00:00,JCT01_ARM_SOUTH,JCT01,ARM_SOUTH,NORMAL,34,16,1,0.0187,1.41,20081.7,160308.4,0.59,0.288196,-0.957571,0,0.0
2026-04-07T10:54:00+00:00,JCT01_ARM_SOUTH,JCT01,ARM_SOUTH,NORMAL,34,14,1,0.0197,0.8,15020.2,90055.4,0.52,0.284015,-0.95882,0,0.0
2026-04-07T10:55:00+00:00,JCT01_ARM_SOUTH,JCT01,ARM_SOUTH,NORMAL,34,15,0,0.0136,1.37,28568.9,257814.3,0.47,0.279829,-0.96005,0,0.0
2026-04-07T10:56:00+00:00,JCT01_ARM_SOUTH,JCT01,ARM_SOUTH,NORMAL,34,8,0,0.2275,1.93,36706.6,346076.8,0.53,0.275637,-0.961262,0,0.0
2026-04-07T10:57:00+00:00,JCT01_ARM_SOUTH,JCT01,ARM_SOUTH,NORMAL,34,12,1,0.0454,2.08,22163.6,243613.0,0.72,0.27144,-0.962455,0,0.0
2026-04-07T10:58:00+00:00,JCT01_ARM_SOUTH,JCT01,ARM_SOUTH,NORMAL,34,14,1,0.0478,1.05,20019.0,271605.9,0.42,0.267238,-0.96363,0,0.0
2026-04-07T10:59:00+00:00,JCT01_ARM_SOUTH,JCT01,ARM_SOUTH,NORMAL,34,20,1,0.0627,2.0,18896.2,288865.6,1.01,0.263031,-0.964787,0,0.0
2026-04-07T11:00:00+00:00,JCT01_ARM_SOUTH,JCT01,ARM_SOUTH,NORMAL,35,26,1,0.0556,2.84,19677.6,282192.6,1.33,0.258819,-0.965926,0,0.0
2026-04-07T11:01:00+00:00,JCT01_ARM_SOUTH,JCT01,ARM_SOUTH,NORMAL,35,23,1,0.0221,2.25,20674.8,209909.7,0.97,0.254602,-0.967046,0,0.0
2026-04-07T11:02:00+00:00,JCT01_ARM_SOUTH,JCT01,ARM_SOUTH,NORMAL,35,18,0,0.0277,3.34,33944.3,271133.4,0.92,0.25038,-0.968148,0,0.0
2026-04-07T11:03:00+00:00,JCT01_ARM_SOUTH,JCT01,ARM_SOUTH,NORMAL,35,18,0,0.0114,1.49,23479.1,268431.5,0.61,0.246153,-0.969231,0,0.0
2026-04-07T11:04:00+00:00,JCT01_ARM_SOUTH,JCT01,ARM_SOUTH,NORMAL,35,14,1,0.0847,1.97,32080.3,227227.3,0.43,0.241922,-0.970296,0,0.0
2026-04-07T11:05:00+00:00,JCT01_ARM_SOUTH,JCT01,ARM_SOUTH,NORMAL,35,12,0,0.1402,1.99,29788.7,268052.9,0.67,0.237686,-0.971342,0,0.0
2026-04-07T11:06:00+00:00,JCT01_ARM_SOUTH,JCT01,ARM_SOUTH,NORMAL,35,8,1,0.0456,1.66,32433.8,237318.4,0.48,0.233445,-0.97237,0,0.0
2026-04-07T11:07:00+00:00,JCT01_ARM_SOUTH,JCT01,ARM_SOUTH,NORMAL,35,10,1,0.0707,1.07,19690.4,248528.0,0.51,0.2292,-0.973379,0,0.0
2026-04-07T01:15:00+00:00,JCT02_ARM_EAST,JCT02,ARM_EAST,OFF_PEAK_JAM,25,23,1,0.0408,6.89,39698.7,334016.1,1.46,0.321439,0.94693,0,0.0
2026-04-07T01:16:00+00:00,JCT02_ARM_EAST,JCT02,ARM_EAST,OFF_PEAK_JAM,25,28,0,0.0135,6.88,50893.2,410941.5,1.19,0.325568,0.945519,0,0.0
2026-04-07T01:17:00+00:00,JCT02_ARM_EAST,JCT02,ARM_EAST,NORMAL,25,29,1,0.0569,7.63,48781.1,372952.9,1.39,0.329691,0.944089,0,0.0
2026-04-07T01:18:00+00:00,JCT02_ARM_EAST,JCT02,ARM_EAST,NORMAL,25,32,1,0.0389,7.68,54871.0,353387.6,1.34,0.333807,0.942641,0,0.0
2026-04-07T01:19:00+00:00,JCT02_ARM_EAST,JCT02,ARM_EAST,OFF_PEAK_JAM,25,24,1,0.0875,8.51,48498.5,347999.9,1.52,0.337917,0.941176,0,0.0
2026-04-07T01:20:00+00:00,JCT02_ARM_EAST,JCT02,ARM_EAST,OFF_PEAK_JAM,25,23,1,0.0233,6.96,54200.5,350008.8,1.18,0.34202,0.939693,0,0.0
2026-04-07T01:21:00+00:00,JCT02_ARM_EAST,JCT02,ARM_EAST,NORMAL,25,37,1,0.0216,6.43,47533.0,346193.2,1.27,0.346117,0.938191,0,0.0
2026-04-07T01:22:00+00:00,JCT02_ARM_EAST,JCT02,ARM_EAST,OFF_PEAK_JAM,25,20,0,0.0461,6.06,40399.1,348389.5,1.24,0.350207,0.936672,0,0.0
2026-04-07T01:23:00+00:00,JCT02_ARM_EAST,JCT02,ARM_EAST,OFF_PEAK_JAM,25,18,1,0.0436,7.84,54747.8,380006.9,1.24,0.354291,0.935135,0,0.0
2026-04-07T01:24:00+00:00,JCT02_ARM_EAST,JCT02,ARM_EAST,NORMAL,25,20,1,0.0554,7.7,47954.2,368547.4,1.36,0.358368,0.93358,0,0.0
2026-04-07T01:25:00+00:00,JCT02_ARM_EAST,JCT02,ARM_EAST,NORMAL,25,17,1,0.1736,6.27,35946.5,196262.8,1.4,0.362438,0.932008,0,0.0
2026-04-07T01:26:00+00:00,JCT02_ARM_EAST,JCT02,ARM_EAST,OFF_PEAK_JAM,25,19,1,0.1342,5.91,38023.0,349297.8,1.22,0.366501,0.930418,0,0.0
2026-04-07T01:27:00+00:00,JCT02_ARM_EAST,JCT02,ARM_EAST,NORMAL,25,29,1,0.0499,7.97,49561.0,344734.4,1.27,0.370557,0.92881,0,0.0
2026-04-07T01:28:00+00:00,JCT02_ARM_EAST,JCT02,ARM_EAST,OFF_PEAK_JAM,25,34,0,0.0244,5.94,39890.4,346193.2,1.29,0.374607,0.927184,0,0.0
2026-04-07T01:29:00+00:00,JCT02_ARM_EAST,JCT02,ARM_EAST,OFF_PEAK_JAM,25,12,1,0.0646,8.44,61087.9,380006.9,1.22,0.378649,0.925541,0,0.0
2026-04-07T01:30:00+00:00,JCT02_ARM_EAST,JCT02,ARM_EAST,OFF_PEAK_JAM,25,26,1,0.0429,5.77,36231.1,292444.0,1.29,0.382683,0.92388,0,0.0
2026-04-07T01:31:00+00:00,JCT02_ARM_EAST,JCT02,ARM_EAST,NORMAL,25,14,1,0.1737,7.82,43051.6,368547.4,1.51,0.386711,0.922201,0,0.0
2026-04-07T01:32:00+00:00,JCT02_ARM_EAST,JCT02,ARM_EAST,OFF_PEAK_JAM,25,24,1,0.04,6.23,42442.7,349297.8,1.21,0.390731,0.920505,0,0.0
2026-04-07T01:33:00+00:00,JCT02_ARM_EAST,JCT02,ARM_EAST,OFF_PEAK_JAM,25,20,1,0.1442,6.06,35881.5,317553.6,1.26,0.394744,0.918791,0,0.0
2026-04-07T01:34:00+00:00,JCT02_ARM_EAST,JCT02,ARM_EAST,OFF_PEAK_JAM,25,19,1,0.0981,8.88,50865.9,368547.4,1.44,0.398749,0.91706,0,0.0
2026-04-07T01:35:00+00:00,JCT02_ARM_EAST,JCT02,ARM_EAST,OFF_PEAK_JAM,25,22,0,0.1231,6.26,41083.4,349297.8,1.27,0.402747,0.915311,0,0.0
2026-04-07T01:36:00+00:00,JCT02_ARM_EAST,JCT02,ARM_EAST,NORMAL,25,20,1,0.1366,6.39,36558.3,317553.6,1.3,0.406737,0.913545,0,0.0
2026-04-07T01:37:00+00:00,JCT02_ARM_EAST,JCT02,ARM_EAST,OFF_PEAK_JAM,25,23,1,0.0749,7.19,43280.0,344734.4,1.24,0.410719,0.911762,0,0.0
2026-04-07T01:38:00+00:00,JCT02_ARM_EAST,JCT02,ARM_EAST,NORMAL,25,24,1,0.1157,8.19,43148.8,344734.4,1.46,0.414693,0.909961,0,0.0
2026-04-07T01:39:00+00:00,JCT02_ARM_EAST,JCT02,ARM_EAST,NORMAL,25,30,1,0.0438,7.63,46637.0,344734.4,1.25,0.41866,0.908143,0,0.0
2026-04-07T08:30:00+00:00,JCT02_ARM_EAST,JCT02,ARM_EAST,NORMAL,32,19,0,0.0054,3.36,49268.4,373406.2,0.65,0.793353,-0.608761,1,1323.3206
2026-04-07T08:31:00+00:00,JCT02_ARM_EAST,JCT02,ARM_EAST,NORMAL,32,20,0,0.0,3.87,53157.3,361000.9,0.72,0.79069,-0.612217,1,1416.7563
2026-04-07T08:32:00+00:00,JCT02_ARM_EAST,JCT02,ARM_EAST,NORMAL,32,16,0,0.0119,2.83,50663.4,402099.2,0.52,0.788011,-0.615661,1,429.6453
2026-04-07T08:33:00+00:00,JCT02_ARM_EAST,JCT02,ARM_EAST,NORMAL,32,11,0,0.0,1.37,50390.3,381942.1,0.26,0.785317,-0.619094,1,0.0
2026-04-07T08:34:00+00:00,JCT02_ARM_EAST,JCT02,ARM_EAST,NORMAL,32,16,0,0.0007,3.03,53572.2,381564.3,0.56,0.782608,-0.622515,1,3019.0651
2026-04-07T08:35:00+00:00,JCT02_ARM_EAST,JCT02,ARM_EAST,NORMAL,32,11,0,0.0,2.24,50114.0,373396.3,0.41,0.779884,-0.625923,1,2497.9752
2026-04-07T08:36:00+00:00,JCT02_ARM_EAST,JCT02,ARM_EAST,NORMAL,32,18,0,0.0022,2.76,50383.9,400479.3,0.52,0.777146,-0.62932,1,1860.3312
2026-04-07T08:37:00+00:00,JCT02_ARM_EAST,JCT02,ARM_EAST,NORMAL,32,16,0,0.0038,2.57,38178.2,304338.7,0.58,0.774393,-0.632705,1,1156.0356
2026-04-07T08:38:00+00:00,JCT02_ARM_EAST,JCT02,ARM_EAST,NORMAL,32,10,0,0.0,1.42,50477.8,333725.6,0.26,0.771625,-0.636078,1,1146.9021
2026-04-07T08:39:00+00:00,JCT02_ARM_EAST,JCT02,ARM_EAST,NORMAL,32,11,0,0.0,2.12,56279.8,375047.7,0.37,0.768842,-0.639439,1,3066.0918
2026-04-07T08:40:00+00:00,JCT02_ARM_EAST,JCT02,ARM_EAST,NORMAL,32,7,0,0.0,2.02,68874.9,360119.2,0.29,0.766044,-0.642788,1,2477.0454
2026-04-07T08:41:00+00:00,JCT02_ARM_EAST,JCT02,ARM_EAST,NORMAL,32,14,0,0.0214,1.74,42067.3,406741.4,0.36,0.763232,-0.646124,1,7376.1972
2026-04-07T08:42:00+00:00,JCT02_ARM_EAST,JCT02,ARM_EAST,NORMAL,32,5,0,0.0,0.89,44549.0,326416.7,0.18,0.760406,-0.649448,1,2017.1829
2026-04-07T08:43:00+00:00,JCT02_ARM_EAST,JCT02,ARM_EAST,NORMAL,32,9,0,0.0,1.25,37877.5,357938.2,0.31,0.757565,-0.65276,1,2868.6503
2026-04-07T08:44:00+00:00,JCT02_ARM_EAST,JCT02,ARM_EAST,NORMAL,32,9,0,0.0,2.65,60051.7,420607.7,0.44,0.75471,-0.656059,1,2267.7801
2026-04-07T08:45:00+00:00,JCT02_ARM_EAST,JCT02,ARM_EAST,NORMAL,32,3,0,0.0,1.94,59738.1,360251.8,0.3,0.75184,-0.659346,1,1922.363
2026-04-07T08:46:00+00:00,JCT02_ARM_EAST,JCT02,ARM_EAST,NORMAL,32,13,0,0.0004,2.36,44875.0,407432.5,0.4,0.748956,-0.66262,1,1346.4138
2026-04-07T08:47:00+00:00,JCT02_ARM_EAST,JCT02,ARM_EAST,NORMAL,32,13,0,0.0009,2.97,48496.0,331107.5,0.59,0.746057,-0.665882,1,900.4583
2026-04-07T08:48:00+00:00,JCT02_ARM_EAST,JCT02,ARM_EAST,NORMAL,32,7,0,0.0385,4.39,66607.8,387289.3,0.61,0.743145,-0.669131,1,2759.0555
2026-04-07T08:49:00+00:00,JCT02_ARM_EAST,JCT02,ARM_EAST,NORMAL,32,8,0,0.0,2.6,64702.3,406797.5,0.37,0.740218,-0.672367,1,3768.2717
2026-04-07T08:50:00+00:00,JCT02_ARM_EAST,JCT02,ARM_EAST,NORMAL,32,9,0,0.0,2.04,47131.1,332419.8,0.37,0.737277,-0.67559,1,-1376.9575
2026-04-07T08:51:00+00:00,JCT02_ARM_EAST,JCT02,ARM_EAST,NORMAL,32,12,0,0.0104,5.99,75377.6,391548.4,0.72,0.734323,-0.678801,1,1093.9679
2026-04-07T08:52:00+00:00,JCT02_ARM_EAST,JCT02,ARM_EAST,NORMAL,32,8,0,0.0325,2.04,60107.5,328512.2,0.31,0.731354,-0.681998,1,4303.2014
2026-04-07T08:53:00+00:00,JCT02_ARM_EAST,JCT02,ARM_EAST,NORMAL,32,9,0,0.0,2.98,55849.9,371397.0,0.51,0.728371,-0.685183,1,2388.0949
2026-04-07T08:54:00+00:00,JCT02_ARM_EAST,JCT02,ARM_EAST,NORMAL,32,7,0,0.0184,1.93,49845.1,353488.2,0.34,0.725374,-0.688355,1,0.0
2026-04-07T08:55:00+00:00,JCT02_ARM_EAST,JCT02,ARM_EAST,NORMAL,32,16,0,0.0,1.55,31778.1,321438.6,0.42,0.722364,-0.691513,1,1722.5768
2026-04-07T08:56:00+00:00,JCT02_ARM_EAST,JCT02,ARM_EAST,NORMAL,32,6,0,0.0,1.63,53665.8,376709.7,0.3,0.71934,-0.694658,1,1826.2465
2026-04-07T08:57:00+00:00,JCT02_ARM_EAST,JCT02,ARM_EAST,NORMAL,32,7,0,0.0,2.02,53817.9,420607.7,0.36,0.716302,-0.69779,1,2744.778
2026-04-07T08:58:00+00:00,JCT02_ARM_EAST,JCT02,ARM_EAST,NORMAL,32,2,0,0.0007,1.73,60756.7,360251.8,0.26,0.71325,-0.700909,1,1922.363
2026-04-07T08:59:00+00:00,JCT02_ARM_EAST,JCT02,ARM_EAST,NORMAL,32,15,0,0.0,2.8,45650.0,407432.5,0.49,0.710185,-0.704015,1,1346.4138
2026-04-07T09:00:00+00:00,JCT02_ARM_EAST,JCT02,ARM_EAST,NORMAL,33,13,0,0.0009,3.14,51467.5,355886.2,0.59,0.707107,-0.707107,0,1396.0769
2026-04-07T09:01:00+00:00,JCT02_ARM_EAST,JCT02,ARM_EAST,NORMAL,33,7,0,0.0406,4.46,71637.1,396402.8,0.58,0.704015,-0.710185,0,2460.0349
2026-04-07T09:02:00+00:00,JCT02_ARM_EAST,JCT02,ARM_EAST,NORMAL,33,8,0,0.0,2.83,64090.9,406797.5,0.42,0.700909,-0.71325,0,660.6688
2026-04-07T09:03:00+00:00,JCT02_ARM_EAST,JCT02,ARM_EAST,NORMAL,33,9,0,0.0,1.9,44168.7,391548.4,0.36,0.69779,-0.716302,0,2474.1329
2026-04-07T09:04:00+00:00,JCT02_ARM_EAST,JCT02,ARM_EAST,NORMAL,33,11,0,0.0111,5.38,71335.5,387213.6,0.67,0.694658,-0.71934,0,742.6531
2026-04-07T09:05:00+00:00,JCT02_ARM_EAST,JCT02,ARM_EAST,NORMAL,33,11,0,0.0263,2.61,64102.2,371397.0,0.38,0.691513,-0.722364,0,3141.9925
2026-04-07T09:06:00+00:00,JCT02_ARM_EAST,JCT02,ARM_EAST,NORMAL,33,8,0,0.0,2.58,47364.4,371082.4,0.5,0.688355,-0.725374,0,3216.4186
2026-04-07T09:07:00+00:00,JCT02_ARM_EAST,JCT02,ARM_EAST,NORMAL,33,6,0,0.0213,2.0,56462.6,353488.2,0.3,0.685183,-0.728371,0,1722.5768
2026-04-07T09:08:00+00:00,JCT02_ARM_EAST,JCT02,ARM_EAST,NORMAL,33,12,0,0.0,1.77,37152.0,382095.3,0.39,0.681998,-0.731354,0,3396.5872
2026-04-07T09:09:00+00:00,JCT02_ARM_EAST,JCT02,ARM_EAST,NORMAL,33,9,0,0.0,2.51,53839.5,406797.5,0.41,0.678801,-0.734323,0,-479.2972
2026-04-07T09:10:00+00:00,JCT02_ARM_EAST,JCT02,ARM_EAST,NORMAL,33,9,0,0.0115,5.8,84736.3,391548.4,0.65,0.67559,-0.737277,0,1093.9679
2026-04-07T09:11:00+00:00,JCT02_ARM_EAST,JCT02,ARM_EAST,NORMAL,33,7,0,0.0329,1.75,53708.6,328512.2,0.31,0.672367,-0.740218,0,4914.5948
2026-04-07T09:12:00+00:00,JCT02_ARM_EAST,JCT02,ARM_EAST,OFF_PEAK_JAM,33,11,0,0.0,2.52,55479.9,371397.0,0.43,0.669131,-0.743145,0,2926.5898
2026-04-07T09:13:00+00:00,JCT02_ARM_EAST,JCT02,ARM_EAST,NORMAL,33,9,0,0.0029,1.93,38837.1,321696.9,0.41,0.665882,-0.746057,0,0.0
2026-04-07T09:14:00+00:00,JCT02_ARM_EAST,JCT02,ARM_EAST,NORMAL,33,8,0,0.0384,2.46,56479.8,353488.2,0.39,0.66262,-0.748956,0,1590.0709
2026-04-07T09:15:00+00:00,JCT02_ARM_EAST,JCT02,ARM_EAST,NORMAL,33,11,0,0.0,2.72,63286.5,371397.0,0.42,0.659346,-0.75184,0,3240.4097
2026-04-07T09:16:00+00:00,JCT02_ARM_EAST,JCT02,ARM_EAST,NORMAL,33,10,0,0.0028,1.88,35791.8,321696.9,0.42,0.656059,-0.75471,0,0.0
2026-04-07T09:17:00+00:00,JCT02_ARM_EAST,JCT02,ARM_EAST,NORMAL,33,7,0,0.0133,2.18,48973.5,353488.2,0.39,0.65276,-0.757565,0,1722.5768
2026-04-07T09:18:00+00:00,JCT02_ARM_EAST,JCT02,ARM_EAST,NORMAL,33,8,0,0.0199,1.86,50646.4,353488.2,0.32,0.649448,-0.760406,0,1722.5768
2026-04-07T09:19:00+00:00,JCT02_ARM_EAST,JCT02,ARM_EAST,NORMAL,33,8,0,0.0143,2.24,53103.3,353488.2,0.36,0.646124,-0.763232,0,1722.5768
2026-04-07T09:20:00+00:00,JCT02_ARM_EAST,JCT02,ARM_EAST,NORMAL,33,17,0,0.0,1.0,22039.0,95127.7,0.36,0.642788,-0.766044,0,0.0
2026-04-07T10:51:00+00:00,JCT02_ARM_EAST,JCT02,ARM_EAST,NORMAL,34,9,0,0.0063,3.74,51678.5,411495.4,0.65,0.296542,-0.95502,0,1201.9996
2026-04-07T10:52:00+00:00,JCT02_ARM_EAST,JCT02,ARM_EAST,NORMAL,34,8,0,0.0,2.33,41330.4,348598.4,0.44,0.292372,-0.956305,0,2749.1396
2026-04-07T10:53:00+00:00,JCT02_ARM_EAST,JCT02,ARM_EAST,NORMAL,34,13,0,0.0004,2.2,42165.4,388179.1,0.45,0.288196,-0.957571,0,1671.8442
2026-04-07T10:54:00+00:00,JCT02_ARM_EAST,JCT02,ARM_EAST,NORMAL,34,11,0,0.0009,3.34,55331.3,379722.8,0.56,0.284015,-0.95882,0,1400.847
2026-04-07T10:55:00+00:00,JCT02_ARM_EAST,JCT02,ARM_EAST,NORMAL,34,14,0,0.0006,2.83,40924.7,355044.9,0.61,0.279829,-0.96005,0,1429.5276
2026-04-07T10:56:00+00:00,JCT02_ARM_EAST,JCT02,ARM_EAST,NORMAL,34,7,0,0.0004,3.94,77902.6,355693.4,0.48,0.275637,-0.961262,0,1387.0359
2026-04-07T10:57:00+00:00,JCT02_ARM_EAST,JCT02,ARM_EAST,NORMAL,34,20,0,0.0017,2.88,43269.5,352417.8,0.6,0.27144,-0.962455,0,530.8473
2026-04-07T10:58:00+00:00,JCT02_ARM_EAST,JCT02,ARM_EAST,NORMAL,34,21,0,0.0,2.67,33079.1,378500.2,0.65,0.267238,-0.96363,0,1161.6025
2026-04-07T10:59:00+00:00,JCT02_ARM_EAST,JCT02,ARM_EAST,NORMAL,34,23,0,0.0272,5.71,64384.8,367840.5,0.88,0.263031,-0.964787,0,2122.8626
2026-04-07T11:00:00+00:00,JCT02_ARM_EAST,JCT02,ARM_EAST,NORMAL,35,16,0,0.0035,2.63,43530.5,354450.9,0.53,0.258819,-0.965926,0,1282.5278
2026-04-07T11:01:00+00:00,JCT02_ARM_EAST,JCT02,ARM_EAST,NORMAL,35,18,0,0.0382,4.95,59178.5,368382.0,0.74,0.254602,-0.967046,0,1072.5803
2026-04-07T11:02:00+00:00,JCT02_ARM_EAST,JCT02,ARM_EAST,NORMAL,35,17,0,0.0033,3.22,32787.6,325219.8,0.74,0.25038,-0.968148,0,160.9963
2026-04-07T11:03:00+00:00,JCT02_ARM_EAST,JCT02,ARM_EAST,NORMAL,35,21,0,0.001,3.94,52477.2,411813.4,0.66,0.246153,-0.969231,0,1021.5363
2026-04-07T11:04:00+00:00,JCT02_ARM_EAST,JCT02,ARM_EAST,NORMAL,35,15,0,0.0,2.88,44961.8,366448.2,0.59,0.241922,-0.970296,0,1900.1724
2026-04-07T11:05:00+00:00,JCT02_ARM_EAST,JCT02,ARM_EAST,NORMAL,35,28,1,0.0553,4.12,37088.6,370252.4,0.94,0.237686,-0.971342,0,834.4129
2026-04-07T11:06:00+00:00,JCT02_ARM_EAST,JCT02,ARM_EAST,OFF_PEAK_JAM,35,28,0,0.0039,6.26,59079.9,372100.9,1.04,0.233445,-0.97237,0,1436.1283
2026-04-07T11:07:00+00:00,JCT02_ARM_EAST,JCT02,ARM_EAST,NORMAL,35,35,0,0.0015,4.18,41861.6,407837.0,0.88,0.2292,-0.973379,0,1601.9981
2026-04-07T11:08:00+00:00,JCT02_ARM_EAST,JCT02,ARM_EAST,NORMAL,35,36,0,0.0023,5.33,40449.3,329743.6,1.13,0.224951,-0.97437,0,619.6673
2026-04-07T11:09:00+00:00,JCT02_ARM_EAST,JCT02,ARM_EAST,NORMAL,35,24,0,0.0015,2.86,35236.6,356028.7,0.69,0.220697,-0.975342,0,1992.815
2026-04-07T11:10:00+00:00,JCT02_ARM_EAST,JCT02,ARM_EAST,NORMAL,35,16,0,0.0017,5.13,70041.5,429323.0,0.68,0.21644,-0.976296,0,956.1739
2026-04-07T11:11:00+00:00,JCT02_ARM_EAST,JCT02,ARM_EAST,NORMAL,35,18,0,0.0378,4.74,55243.7,368382.0,0.74,0.212178,-0.977231,0,938.6407
2026-04-07T11:12:00+00:00,JCT02_ARM_EAST,JCT02,ARM_EAST,NORMAL,35,17,0,0.0033,3.06,31149.3,325219.8,0.74,0.207912,-0.978148,0,96.0271
2026-04-07T11:13:00+00:00,JCT02_ARM_EAST,JCT02,ARM_EAST,NORMAL,35,21,0,0.001,3.95,54112.0,411813.4,0.65,0.203642,-0.979045,0,1021.5363
2026-04-07T11:14:00+00:00,JCT02_ARM_EAST,JCT02,ARM_EAST,NORMAL,35,15,0,0.0,2.91,44410.6,366448.2,0.6,0.199368,-0.979925,0,1900.1724
2026-04-07T11:15:00+00:00,JCT02_ARM_EAST,JCT02,ARM_EAST,NORMAL,35,29,1,0.0553,4.11,36968.7,370252.4,0.94,0.19509,-0.980785,0,834.4129
2026-04-07T11:15:00+00:00,JCT02_ARM_EAST,JCT02,ARM_EAST,NORMAL,35,29,0,0.0004,3.37,37038.3,344249.1,0.8,0.19509,-0.980785,0,0.0
2026-04-07T11:16:00+00:00,JCT02_ARM_EAST,JCT02,ARM_EAST,NORMAL,35,30,0,0.0038,6.39,59479.2,372100.9,1.07,0.190809,-0.981627,0,1436.1283
2026-04-07T11:16:00+00:00,JCT02_ARM_EAST,JCT02,ARM_EAST,NORMAL,35,25,0,0.0045,2.61,29979.7,226389.9,0.76,0.190809,-0.981627,0,0.0
2026-04-07T11:17:00+00:00,JCT02_ARM_EAST,JCT02,ARM_EAST,NORMAL,35,35,0,0.0015,4.18,41658.3,407837.0,0.89,0.186524,-0.98245,0,1601.9981
2026-04-07T11:17:00+00:00,JCT02_ARM_EAST,JCT02,ARM_EAST,NORMAL,35,30,0,0.0288,3.52,30348.9,334312.8,1.0,0.186524,-0.98245,0,0.0
2026-04-07T11:18:00+00:00,JCT02_ARM_EAST,JCT02,ARM_EAST,OFF_PEAK_JAM,35,35,0,0.0023,5.38,40807.8,329743.6,1.13,0.182236,-0.983255,0,619.6673
2026-04-07T11:18:00+00:00,JCT02_ARM_EAST,JCT02,ARM_EAST,NORMAL,35,20,0,0.0433,4.81,31597.1,337320.0,1.16,0.182236,-0.983255,0,0.0
2026-04-07T11:19:00+00:00,JCT02_ARM_EAST,JCT02,ARM_EAST,NORMAL,35,22,0,0.0015,2.73,34455.4,356028.7,0.67,0.177944,-0.984041,0,1992.815
2026-04-07T11:19:00+00:00,JCT02_ARM_EAST,JCT02,ARM_EAST,NORMAL,35,14,0,0.0046,3.9,36241.1,316570.3,0.89,0.177944,-0.984041,0,0.0
2026-04-07T11:20:00+00:00,JCT02_ARM_EAST,JCT02,ARM_EAST,NORMAL,35,19,0,0.0028,4.98,64349.2,429323.0,0.72,0.173648,-0.984808,0,919.398
2026-04-07T11:20:00+00:00,JCT02_ARM_EAST,JCT02,ARM_EAST,OFF_PEAK_JAM,35,28,0,0.0,2.21,24539.2,247506.3,0.74,0.173648,-0.984808,0,0.0
2026-04-07T11:21:00+00:00,JCT02_ARM_EAST,JCT02,ARM_EAST,NORMAL,35,29,0,0.0031,6.33,60296.1,372100.9,1.04,0.16935,-0.985556,0,1436.1283
2026-04-07T11:21:00+00:00,JCT02_ARM_EAST,JCT02,ARM_EAST,NORMAL,35,31,0,0.0054,2.89,25923.4,307052.7,0.98,0.16935,-0.985556,0,0.0
2026-04-07T11:22:00+00:00,JCT02_ARM_EAST,JCT02,ARM_EAST,NORMAL,35,35,0,0.0015,4.25,41539.1,407837.0,0.91,0.165048,-0.986286,0,1601.9981
2026-04-07T11:22:00+00:00,JCT02_ARM_EAST,JCT02,ARM_EAST,OFF_PEAK_JAM,35,28,0,0.0145,4.81,47967.6,317537.6,0.98,0.165048,-0.986286,0,0.0
2026-04-07T11:23:00+00:00,JCT02_ARM_EAST,JCT02,ARM_EAST,NORMAL,35,36,0,0.0023,5.33,40773.9,329743.6,1.11,0.160743,-0.986996,0,619.6673
2026-04-07T11:23:00+00:00,JCT02_ARM_EAST,JCT02,ARM_EAST,NORMAL,35,28,0,0.0,3.59,28506.8,309949.5,1.1,0.160743,-0.986996,0,0.0
2026-04-07T11:24:00+00:00,JCT02_ARM_EAST,JCT02,ARM_EAST,NORMAL,35,22,0,0.0015,2.72,33915.3,356028.7,0.68,0.156434,-0.987688,0,1992.815
2026-04-07T11:24:00+00:00,JCT02_ARM_EAST,JCT02,ARM_EAST,NORMAL,35,36,0,0.0053,2.6,21335.6,336162.8,0.97,0.156434,-0.987688,0,0.0
2026-04-07T11:25:00+00:00,JCT02_ARM_EAST,JCT02,ARM_EAST,NORMAL,35,20,0,0.0016,4.99,65579.8,429323.0,0.71,0.152123,-0.988362,0,1267.2333
2026-04-07T11:25:00+00:00,JCT02_ARM_EAST,JCT02,ARM_EAST,NORMAL,35,17,0,0.0004,3.75,42594.5,329492.6,0.79,0.152123,-0.988362,0,0.0
2026-04-07T11:26:00+00:00,JCT02_ARM_EAST,JCT02,ARM_EAST,NORMAL,35,31,0,0.0033,4.23,34582.6,329743.6,1.01,0.147809,-0.989016,0,1173.7715
2026-04-07T11:26:00+00:00,JCT02_ARM_EAST,JCT02,ARM_EAST,NORMAL,35,29,0,0.0003,2.87,25609.5,250688.5,1.07,0.147809,-0.989016,0,0.0
2026-04-07T11:27:00+00:00,JCT02_ARM_EAST,JCT02,ARM_EAST,NORMAL,35,12,0,0.002,4.46,67078.8,429323.0,0.56,0.143493,-0.989651,0,1144.3828
2026-04-07T11:27:00+00:00,JCT02_ARM_EAST,JCT02,ARM_EAST,NORMAL,35,32,0,0.0002,2.18,21794.7,293311.6,0.84,0.143493,-0.989651,0,0.0
2026-04-07T11:28:00+00:00,JCT02_ARM_EAST,JCT02,ARM_EAST,NORMAL,35,18,0,0.0019,3.17,46796.0,356028.7,0.61,0.139173,-0.990268,0,683.1721
2026-04-07T11:28:00+00:00,JCT02_ARM_EAST,JCT02,ARM_EAST,NORMAL,35,34,0,0.0009,4.2,35559.6,332085.9,1.16,0.139173,-0.990268,0,0.0
2026-04-07T11:29:00+00:00,JCT02_ARM_EAST,JCT02,ARM_EAST,NORMAL,35,17,0,0.0,6.15,75953.1,429323.0,0.74,0.134851,-0.990866,0,1095.0199
2026-04-07T11:29:00+00:00,JCT02_ARM_EAST,JCT02,ARM_EAST,NORMAL,35,29,0,0.0,3.05,34914.7,346181.9,0.78,0.134851,-0.990866,0,0.0
2026-04-07T11:30:00+00:00,JCT02_ARM_EAST,JCT02,ARM_EAST,NORMAL,35,34,0,0.0039,2.63,24786.1,219213.8,0.89,0.130526,-0.991445,0,0.0
2026-04-07T11:31:00+00:00,JCT02_ARM_EAST,JCT02,ARM_EAST,NORMAL,35,20,0,0.0238,5.72,42859.4,309953.1,1.2,0.126199,-0.992005,0,0.0
2026-04-07T11:32:00+00:00,JCT02_ARM_EAST,JCT02,ARM_EAST,NORMAL,35,25,0,0.002,3.75,33084.5,342492.9,1.09,0.121869,-0.992546,0,0.0
2026-04-07T11:33:00+00:00,JCT02_ARM_EAST,JCT02,ARM_EAST,NORMAL,35,24,0,0.0008,3.71,31344.2,354988.8,1.08,0.117537,-0.993068,0,0.0
2026-04-07T11:34:00+00:00,JCT02_ARM_EAST,JCT02,ARM_EAST,NORMAL,35,16,0,0.0159,4.37,38510.2,322413.4,0.93,0.113203,-0.993572,0,762.797
2026-04-07T11:35:00+00:00,JCT02_ARM_EAST,JCT02,ARM_EAST,NORMAL,35,23,0,0.0028,3.02,32191.3,336847.0,0.89,0.108867,-0.994056,0,607.9023
2026-04-07T11:36:00+00:00,JCT02_ARM_EAST,JCT02,ARM_EAST,NORMAL,35,25,0,0.0123,4.78,40805.4,362555.4,1.07,0.104528,-0.994522,0,0.0
2026-04-07T11:37:00+00:00,JCT02_ARM_EAST,JCT02,ARM_EAST,NORMAL,35,26,0,0.0082,4.91,36828.9,357207.6,1.25,0.100188,-0.994969,0,0.0
2026-04-07T11:38:00+00:00,JCT02_ARM_EAST,JCT02,ARM_EAST,NORMAL,35,31,0,0.0002,3.15,26227.1,331851.9,0.99,0.095846,-0.995396,0,0.0
2026-04-07T11:39:00+00:00,JCT02_ARM_EAST,JCT02,ARM_EAST,NORMAL,35,34,0,0.0002,2.9,27776.5,293311.6,0.91,0.091502,-0.995805,0,0.0
2026-04-07T11:40:00+00:00,JCT02_ARM_EAST,JCT02,ARM_EAST,NORMAL,35,34,0,0.0009,3.93,33500.5,326084.1,1.14,0.087156,-0.996195,0,0.0
2026-04-07T11:41:00+00:00,JCT02_ARM_EAST,JCT02,ARM_EAST,NORMAL,35,29,0,0.0,3.07,34198.8,346181.9,0.77,0.082808,-0.996566,0,0.0
2026-04-07T11:42:00+00:00,JCT02_ARM_EAST,JCT02,ARM_EAST,NORMAL,35,33,0,0.004,2.66,26541.5,254183.3,0.88,0.078459,-0.996917,0,0.0
2026-04-07T11:43:00+00:00,JCT02_ARM_EAST,JCT02,ARM_EAST,NORMAL,35,22,0,0.0234,5.32,40271.4,309953.1,1.19,0.074108,-0.99725,0,0.0
2026-04-07T11:44:00+00:00,JCT02_ARM_EAST,JCT02,ARM_EAST,NORMAL,35,23,0,0.0029,4.21,36364.7,342492.9,1.12,0.069756,-0.997564,0,0.0
2026-04-07T11:45:00+00:00,JCT02_ARM_EAST,JCT02,ARM_EAST,NORMAL,35,25,0,0.0005,3.75,31754.5,354988.8,1.09,0.065403,-0.997859,0,0.0
2026-04-07T11:45:00+00:00,JCT02_ARM_EAST,JCT02,ARM_EAST,NORMAL,35,13,0,0.0054,4.4,47418.1,310734.4,0.84,0.065403,-0.997859,0,0.0
2026-04-07T11:46:00+00:00,JCT02_ARM_EAST,JCT02,ARM_EAST,NORMAL,35,15,1,0.0162,4.43,38659.8,322413.4,0.93,0.061049,-0.998135,0,762.797
2026-04-07T11:46:00+00:00,JCT02_ARM_EAST,JCT02,ARM_EAST,NORMAL,35,34,0,0.002,6.25,43046.5,341972.2,1.44,0.061049,-0.998135,0,0.0
2026-04-07T11:47:00+00:00,JCT02_ARM_EAST,JCT02,ARM_EAST,OFF_PEAK_JAM,35,23,0,0.0029,2.7,30590.4,336847.0,0.84,0.056693,-0.998392,0,607.9023
2026-04-07T11:47:00+00:00,JCT02_ARM_EAST,JCT02,ARM_EAST,NORMAL,35,33,0,0.0022,5.23,32203.7,305648.4,1.44,0.056693,-0.998392,0,0.0
2026-04-07T11:48:00+00:00,JCT02_ARM_EAST,JCT02,ARM_EAST,NORMAL,35,25,0,0.0121,4.75,38457.2,362555.4,1.09,0.052336,-0.99863,0,0.0
2026-04-07T11:48:00+00:00,JCT02_ARM_EAST,JCT02,ARM_EAST,OFF_PEAK_JAM,35,45,1,0.0138,5.09,27902.0,312222.5,1.58,0.052336,-0.99863,0,0.0
2026-04-07T11:49:00+00:00,JCT02_ARM_EAST,JCT02,ARM_EAST,NORMAL,35,24,0,0.0086,5.04,40373.6,357207.6,1.19,0.047978,-0.998848,0,0.0
2026-04-07T11:49:00+00:00,JCT02_ARM_EAST,JCT02,ARM_EAST,NORMAL,35,27,0,0.0073,4.53,36088.8,309958.1,1.21,0.047978,-0.998848,0,0.0
2026-04-07T11:50:00+00:00,JCT02_ARM_EAST,JCT02,ARM_EAST,NORMAL,35,33,0,0.0002,3.29,26236.5,331851.9,1.05,0.043619,-0.999048,0,0.0
2026-04-07T11:50:00+00:00,JCT02_ARM_EAST,JCT02,ARM_EAST,OFF_PEAK_JAM,35,30,0,0.0005,3.85,34836.1,332771.4,0.99,0.043619,-0.999048,0,0.0
2026-04-07T11:51:00+00:00,JCT02_ARM_EAST,JCT02,ARM_EAST,NORMAL,35,27,0,0.0002,4.29,37135.9,354988.8,1.1,0.03926,-0.999229,0,0.0
2026-04-07T11:51:00+00:00,JCT02_ARM_EAST,JCT02,ARM_EAST,OFF_PEAK_JAM,35,25,0,0.0011,2.81,27319.1,293087.9,0.94,0.03926,-0.999229,0,0.0
2026-04-07T11:52:00+00:00,JCT02_ARM_EAST,JCT02,ARM_EAST,OFF_PEAK_JAM,35,14,1,0.016,4.46,38568.5,322413.4,0.95,0.034899,-0.999391,0,762.797
2026-04-07T11:52:00+00:00,JCT02_ARM_EAST,JCT02,ARM_EAST,NORMAL,35,40,0,0.0021,4.36,32954.2,310515.9,1.28,0.034899,-0.999391,0,0.0
2026-04-07T11:53:00+00:00,JCT02_ARM_EAST,JCT02,ARM_EAST,OFF_PEAK_JAM,35,22,0,0.003,2.56,30080.7,336847.0,0.81,0.030539,-0.999534,0,607.9023
2026-04-07T11:53:00+00:00,JCT02_ARM_EAST,JCT02,ARM_EAST,OFF_PEAK_JAM,35,31,0,0.0116,5.59,40307.2,334309.5,1.27,0.030539,-0.999534,0,-1634.4452
2026-04-07T11:54:00+00:00,JCT02_ARM_EAST,JCT02,ARM_EAST,NORMAL,35,27,0,0.0117,4.91,38218.5,362555.4,1.13,0.026177,-0.999657,0,0.0
2026-04-07T11:54:00+00:00,JCT02_ARM_EAST,JCT02,ARM_EAST,NORMAL,35,45,0,0.0062,5.93,39707.0,333935.3,1.47,0.026177,-0.999657,0,0.0
2026-04-07T11:55:00+00:00,JCT02_ARM_EAST,JCT02,ARM_EAST,NORMAL,35,23,0,0.0087,5.03,41175.6,357207.6,1.18,0.021815,-0.999762,0,0.0
2026-04-07T11:55:00+00:00,JCT02_ARM_EAST,JCT02,ARM_EAST,NORMAL,35,30,1,0.024,7.66,53848.8,374773.0,1.45,0.021815,-0.999762,0,0.0
2026-04-07T11:56:00+00:00,JCT02_ARM_EAST,JCT02,ARM_EAST,OFF_PEAK_JAM,35,33,0,0.0002,3.24,25653.8,331851.9,1.04,0.017452,-0.999848,0,0.0
2026-04-07T11:56:00+00:00,JCT02_ARM_EAST,JCT02,ARM_EAST,NORMAL,35,39,1,0.0257,8.55,52895.5,334393.8,1.56,0.017452,-0.999848,0,28528.6637
2026-04-07T11:57:00+00:00,JCT02_ARM_EAST,JCT02,ARM_EAST,NORMAL,35,27,0,0.0076,4.77,39109.5,362555.4,1.1,0.01309,-0.999914,0,0.0
2026-04-07T11:57:00+00:00,JCT02_ARM_EAST,JCT02,ARM_EAST,OFF_PEAK_JAM,35,31,1,0.0944,10.86,54759.4,328600.7,1.85,0.01309,-0.999914,0,0.0
2026-04-07T11:58:00+00:00,JCT02_ARM_EAST,JCT02,ARM_EAST,NORMAL,35,23,0,0.0087,5.03,41169.3,357207.6,1.18,0.008727,-0.999962,0,0.0
2026-04-07T11:58:00+00:00,JCT02_ARM_EAST,JCT02,ARM_EAST,NORMAL,35,40,0,0.0179,8.25,47457.9,354496.9,1.68,0.008727,-0.999962,0,0.0
2026-04-07T11:59:00+00:00,JCT02_ARM_EAST,JCT02,ARM_EAST,OFF_PEAK_JAM,35,32,0,0.0002,3.26,25926.0,331851.9,1.03,0.004363,-0.99999,0,0.0
2026-04-07T11:59:00+00:00,JCT02_ARM_EAST,JCT02,ARM_EAST,NORMAL,35,34,1,0.0231,4.17,32880.6,343040.9,1.21,0.004363,-0.99999,0,0.0
2026-04-07T12:00:00+00:00,JCT02_ARM_EAST,JCT02,ARM_EAST,NORMAL,36,29,0,0.0081,4.75,36900.2,300517.2,1.14,0.0,-1.0,0,0.0
2026-04-07T12:00:00+00:00,JCT02_ARM_EAST,JCT02,ARM_EAST,NORMAL,36,20,1,0.0772,6.37,40761.3,332463.9,1.42,0.0,-1.0,0,0.0
2026-04-07T12:01:00+00:00,JCT02_ARM_EAST,JCT02,ARM_EAST,NORMAL,36,33,0,0.0004,3.69,34718.5,331851.9,0.89,-0.004363,-0.99999,0,0.0
2026-04-07T12:01:00+00:00,JCT02_ARM_EAST,JCT02,ARM_EAST,NORMAL,36,25,1,0.0343,6.32,39218.9,365409.6,1.38,-0.004363,-0.99999,0,0.0
2026-04-07T12:02:00+00:00,JCT02_ARM_EAST,JCT02,ARM_EAST,NORMAL,36,34,0,0.0,3.49,34509.7,282313.5,0.92,-0.008727,-0.999962,0,0.0
2026-04-07T12:02:00+00:00,JCT02_ARM_EAST,JCT02,ARM_EAST,NORMAL,36,25,1,0.057,7.01,44776.7,352754.6,1.45,-0.008727,-0.999962,0,0.0
2026-04-07T12:03:00+00:00,JCT02_ARM_EAST,JCT02,ARM_EAST,OFF_PEAK_JAM,36,33,0,0.0215,5.93,36545.0,307350.0,1.41,-0.01309,-0.999914,0,0.0
2026-04-07T12:04:00+00:00,JCT02_ARM_EAST,JCT02,ARM_EAST,NORMAL,36,29,0,0.0198,5.27,42779.6,284635.1,1.3,-0.017452,-0.999848,0,0.0
2026-04-07T12:05:00+00:00,JCT02_ARM_EAST,JCT02,ARM_EAST,NORMAL,36,27,1,0.0362,11.05,61165.0,364157.7,1.54,-0.021815,-0.999762,0,0.0
2026-04-07T12:06:00+00:00,JCT02_ARM_EAST,JCT02,ARM_EAST,OFF_PEAK_JAM,36,34,1,0.003,5.34,32519.7,327062.4,1.48,-0.026177,-0.999657,0,0.0
2026-04-07T12:07:00+00:00,JCT02_ARM_EAST,JCT02,ARM_EAST,NORMAL,36,39,0,0.0061,6.13,43928.6,311952.8,1.28,-0.030539,-0.999534,0,0.0
2026-04-07T12:08:00+00:00,JCT02_ARM_EAST,JCT02,ARM_EAST,NORMAL,36,34,1,0.0235,8.55,52030.8,350312.5,1.63,-0.034899,-0.999391,0,0.0
2026-04-07T12:09:00+00:00,JCT02_ARM_EAST,JCT02,ARM_EAST,OFF_PEAK_JAM,36,32,1,0.0849,11.28,53114.8,354496.9,1.94,-0.03926,-0.999229,0,0.0
2026-04-07T12:10:00+00:00,JCT02_ARM_EAST,JCT02,ARM_EAST,OFF_PEAK_JAM,36,37,0,0.0307,6.63,37898.5,343040.9,1.63,-0.043619,-0.999048,0,0.0
2026-04-07T12:11:00+00:00,JCT02_ARM_EAST,JCT02,ARM_EAST,OFF_PEAK_JAM,36,30,0,0.0619,4.24,31380.4,332463.9,1.21,-0.047978,-0.998848,0,0.0
2026-04-07T12:12:00+00:00,JCT02_ARM_EAST,JCT02,ARM_EAST,OFF_PEAK_JAM,36,20,1,0.0506,7.07,41870.6,292562.0,1.54,-0.052336,-0.99863,0,0.0
2026-04-07T12:13:00+00:00,JCT02_ARM_EAST,JCT02,ARM_EAST,NORMAL,36,25,0,0.0512,5.04,35355.8,365409.6,1.14,-0.056693,-0.998392,0,0.0
2026-04-07T12:14:00+00:00,JCT02_ARM_EAST,JCT02,ARM_EAST,OFF_PEAK_JAM,36,24,1,0.0267,6.62,46027.9,352754.6,1.34,-0.061049,-0.998135,0,0.0
2026-04-07T12:15:00+00:00,JCT02_ARM_EAST,JCT02,ARM_EAST,NORMAL,36,39,1,0.0236,6.38,38085.2,300294.9,1.55,-0.065403,-0.997859,0,0.0
2026-04-07T12:16:00+00:00,JCT02_ARM_EAST,JCT02,ARM_EAST,NORMAL,36,25,0,0.0245,7.02,48343.9,346543.6,1.41,-0.069756,-0.997564,0,0.0
2026-04-07T12:17:00+00:00,JCT02_ARM_EAST,JCT02,ARM_EAST,NORMAL,36,31,1,0.0286,10.07,55034.2,364157.7,1.59,-0.074108,-0.99725,0,0.0
2026-04-07T12:18:00+00:00,JCT02_ARM_EAST,JCT02,ARM_EAST,OFF_PEAK_JAM,36,35,0,0.0004,4.77,37019.4,327062.4,1.25,-0.078459,-0.996917,0,0.0
2026-04-07T12:19:00+00:00,JCT02_ARM_EAST,JCT02,ARM_EAST,NORMAL,36,36,1,0.0128,7.39,44355.8,350312.5,1.53,-0.082808,-0.996566,0,0.0
2026-04-07T12:20:00+00:00,JCT02_ARM_EAST,JCT02,ARM_EAST,NORMAL,36,24,1,0.0027,7.19,51532.3,352754.6,1.28,-0.087156,-0.996195,0,0.0
2026-04-07T12:21:00+00:00,JCT02_ARM_EAST,JCT02,ARM_EAST,NORMAL,36,37,1,0.025,5.42,35987.1,300294.9,1.43,-0.091502,-0.995805,0,0.0
2026-04-07T12:22:00+00:00,JCT02_ARM_EAST,JCT02,ARM_EAST,NORMAL,36,26,0,0.0293,8.49,53364.5,346543.6,1.51,-0.095846,-0.995396,0,0.0
2026-04-07T12:23:00+00:00,JCT02_ARM_EAST,JCT02,ARM_EAST,OFF_PEAK_JAM,36,33,1,0.0231,8.77,48042.4,364157.7,1.55,-0.100188,-0.994969,0,0.0
2026-04-07T12:24:00+00:00,JCT02_ARM_EAST,JCT02,ARM_EAST,NORMAL,36,36,0,0.0003,5.04,38452.7,327062.4,1.25,-0.104528,-0.994522,0,0.0
2026-04-07T12:25:00+00:00,JCT02_ARM_EAST,JCT02,ARM_EAST,OFF_PEAK_JAM,36,35,1,0.0153,7.61,45562.4,350312.5,1.54,-0.108867,-0.994056,0,0.0
2026-04-07T12:26:00+00:00,JCT02_ARM_EAST,JCT02,ARM_EAST,NORMAL,36,29,1,0.0223,8.33,48255.9,364157.7,1.48,-0.113203,-0.993572,0,0.0
2026-04-07T12:27:00+00:00,JCT02_ARM_EAST,JCT02,ARM_EAST,NORMAL,36,38,0,0.0003,5.36,39092.2,327062.4,1.31,-0.117537,-0.993068,0,0.0
2026-04-07T12:28:00+00:00,JCT02_ARM_EAST,JCT02,ARM_EAST,NORMAL,36,35,1,0.014,6.99,43248.8,350312.5,1.45,-0.121869,-0.992546,0,0.0
2026-04-07T12:29:00+00:00,JCT02_ARM_EAST,JCT02,ARM_EAST,NORMAL,36,39,0,0.0055,6.53,43396.9,311952.8,1.4,-0.126199,-0.992005,0,0.0
2026-04-07T12:30:00+00:00,JCT02_ARM_EAST,JCT02,ARM_EAST,NORMAL,36,33,1,0.0186,9.08,51474.9,350312.5,1.73,-0.130526,-0.991445,0,0.0
2026-03-31T09:56:00+00:00,JCT02_ARM_NORTH,JCT02,ARM_NORTH,NORMAL,33,0,1,0.2983,0.45,6619.5,42636.8,0.48,0.515038,-0.857167,0,0.0
2026-03-31T09:57:00+00:00,JCT02_ARM_NORTH,JCT02,ARM_NORTH,NORMAL,33,0,1,0.3083,0.5,6374.5,41781.2,0.52,0.511293,-0.859406,0,0.0
2026-03-31T09:58:00+00:00,JCT02_ARM_NORTH,JCT02,ARM_NORTH,NORMAL,33,0,1,0.3626,0.4,4637.0,35123.7,0.69,0.507538,-0.861629,0,0.0
2026-03-31T09:59:00+00:00,JCT02_ARM_NORTH,JCT02,ARM_NORTH,NORMAL,33,0,1,0.3984,0.72,6324.7,44548.8,0.91,0.503774,-0.863836,0,0.0
2026-03-31T08:39:00+00:00,JCT02_ARM_SOUTH,JCT02,ARM_SOUTH,NORMAL,32,43,0,0.0078,1.5,28171.2,414816.5,0.61,0.768842,-0.639439,1,0.0
2026-03-31T08:40:00+00:00,JCT02_ARM_SOUTH,JCT02,ARM_SOUTH,NORMAL,32,37,1,0.0242,1.43,24292.8,407903.7,0.61,0.766044,-0.642788,1,0.0
2026-03-31T08:41:00+00:00,JCT02_ARM_SOUTH,JCT02,ARM_SOUTH,NORMAL,32,34,0,0.0164,1.23,21558.9,467652.2,0.61,0.763232,-0.646124,1,0.0
2026-03-31T08:42:00+00:00,JCT02_ARM_SOUTH,JCT02,ARM_SOUTH,NORMAL,32,28,0,0.0061,1.13,26355.9,397357.0,0.47,0.760406,-0.649448,1,0.0
2026-03-31T08:43:00+00:00,JCT02_ARM_SOUTH,JCT02,ARM_SOUTH,NORMAL,32,33,0,0.0065,1.11,24803.2,429104.5,0.56,0.757565,-0.65276,1,0.0
2026-03-31T08:44:00+00:00,JCT02_ARM_SOUTH,JCT02,ARM_SOUTH,NORMAL,32,35,0,0.0125,1.18,20539.3,467017.2,0.63,0.75471,-0.656059,1,0.0
2026-03-31T08:45:00+00:00,JCT02_ARM_SOUTH,JCT02,ARM_SOUTH,NORMAL,32,34,0,0.0025,1.01,21923.8,402108.6,0.49,0.75184,-0.659346,1,0.0
2026-03-31T08:46:00+00:00,JCT02_ARM_SOUTH,JCT02,ARM_SOUTH,NORMAL,32,41,0,0.0093,1.16,18768.0,362640.9,0.61,0.748956,-0.66262,1,0.0
2026-03-31T08:47:00+00:00,JCT02_ARM_SOUTH,JCT02,ARM_SOUTH,NORMAL,32,35,0,0.0067,1.21,24344.8,456403.2,0.59,0.746057,-0.665882,1,0.0
2026-03-31T08:48:00+00:00,JCT02_ARM_SOUTH,JCT02,ARM_SOUTH,NORMAL,32,33,0,0.0065,1.28,26810.4,448691.6,0.56,0.743145,-0.669131,1,0.0
2026-03-31T08:49:00+00:00,JCT02_ARM_SOUTH,JCT02,ARM_SOUTH,NORMAL,32,30,1,0.0095,1.22,28200.9,444504.7,0.48,0.740218,-0.672367,1,0.0
2026-03-31T08:50:00+00:00,JCT02_ARM_SOUTH,JCT02,ARM_SOUTH,NORMAL,32,47,0,0.0037,1.56,25606.1,430959.7,0.71,0.737277,-0.67559,1,0.0
2026-03-31T08:51:00+00:00,JCT02_ARM_SOUTH,JCT02,ARM_SOUTH,NORMAL,32,37,0,0.0047,1.51,27921.5,473119.0,0.65,0.734323,-0.678801,1,0.0
2026-03-31T08:52:00+00:00,JCT02_ARM_SOUTH,JCT02,ARM_SOUTH,NORMAL,32,28,0,0.0232,1.03,22068.2,442081.7,0.51,0.731354,-0.681998,1,0.0
2026-03-31T08:53:00+00:00,JCT02_ARM_SOUTH,JCT02,ARM_SOUTH,NORMAL,32,36,0,0.0227,1.41,22411.2,761183.8,0.66,0.728371,-0.685183,1,0.0
2026-03-31T08:54:00+00:00,JCT02_ARM_SOUTH,JCT02,ARM_SOUTH,NORMAL,32,40,0,0.0123,1.16,22279.7,487507.9,0.57,0.725374,-0.688355,1,0.0
2026-03-31T08:55:00+00:00,JCT02_ARM_SOUTH,JCT02,ARM_SOUTH,NORMAL,32,40,0,0.0232,1.92,28952.6,490161.1,0.77,0.722364,-0.691513,1,0.0
2026-03-31T08:56:00+00:00,JCT02_ARM_SOUTH,JCT02,ARM_SOUTH,NORMAL,32,43,0,0.0031,1.73,27768.2,440297.0,0.71,0.71934,-0.694658,1,0.0
2026-03-31T08:57:00+00:00,JCT02_ARM_SOUTH,JCT02,ARM_SOUTH,NORMAL,32,38,0,0.0114,1.19,21944.3,413824.8,0.58,0.716302,-0.69779,1,0.0
2026-03-31T08:58:00+00:00,JCT02_ARM_SOUTH,JCT02,ARM_SOUTH,NORMAL,32,30,0,0.002,1.53,34639.9,644456.2,0.47,0.71325,-0.700909,1,0.0
2026-03-31T08:59:00+00:00,JCT02_ARM_SOUTH,JCT02,ARM_SOUTH,NORMAL,32,46,0,0.0045,1.31,21421.1,606723.3,0.63,0.710185,-0.704015,1,0.0
2026-03-31T09:00:00+00:00,JCT02_ARM_SOUTH,JCT02,ARM_SOUTH,NORMAL,33,45,0,0.0037,1.39,26572.6,430966.3,0.67,0.707107,-0.707107,0,0.0
2026-03-31T09:01:00+00:00,JCT02_ARM_SOUTH,JCT02,ARM_SOUTH,NORMAL,33,46,0,0.0004,1.4,23046.4,553103.8,0.61,0.704015,-0.710185,0,0.0
2026-03-31T09:02:00+00:00,JCT02_ARM_SOUTH,JCT02,ARM_SOUTH,NORMAL,33,35,0,0.032,1.54,26907.3,338325.9,0.65,0.700909,-0.71325,0,0.0
2026-03-31T09:03:00+00:00,JCT02_ARM_SOUTH,JCT02,ARM_SOUTH,NORMAL,33,58,1,0.0103,2.26,25020.8,667265.9,0.97,0.69779,-0.716302,0,0.0
2026-03-31T09:04:00+00:00,JCT02_ARM_SOUTH,JCT02,ARM_SOUTH,NORMAL,33,46,1,0.0202,1.44,21420.6,352678.7,0.74,0.694658,-0.71934,0,0.0
2026-03-31T09:05:00+00:00,JCT02_ARM_SOUTH,JCT02,ARM_SOUTH,NORMAL,33,37,0,0.0076,1.03,22095.1,442081.7,0.52,0.691513,-0.722364,0,0.0
2026-03-31T09:06:00+00:00,JCT02_ARM_SOUTH,JCT02,ARM_SOUTH,NORMAL,33,35,0,0.0309,1.52,21464.6,761183.8,0.74,0.688355,-0.725374,0,0.0
2026-03-31T09:07:00+00:00,JCT02_ARM_SOUTH,JCT02,ARM_SOUTH,NORMAL,33,36,0,0.0134,1.05,21970.2,487507.9,0.51,0.685183,-0.728371,0,0.0
2026-03-31T09:08:00+00:00,JCT02_ARM_SOUTH,JCT02,ARM_SOUTH,NORMAL,33,42,0,0.0229,1.73,25128.9,490161.1,0.77,0.681998,-0.731354,0,0.0
2026-03-31T09:09:00+00:00,JCT02_ARM_SOUTH,JCT02,ARM_SOUTH,NORMAL,33,45,0,0.0029,2.05,31154.1,446686.0,0.79,0.678801,-0.734323,0,0.0
2026-03-31T09:10:00+00:00,JCT02_ARM_SOUTH,JCT02,ARM_SOUTH,NORMAL,33,38,0,0.0119,1.16,22160.9,413824.8,0.56,0.67559,-0.737277,0,0.0
2026-03-31T09:11:00+00:00,JCT02_ARM_SOUTH,JCT02,ARM_SOUTH,NORMAL,33,29,0,0.002,1.43,34136.6,473210.8,0.47,0.672367,-0.740218,0,0.0
2026-03-31T09:12:00+00:00,JCT02_ARM_SOUTH,JCT02,ARM_SOUTH,NORMAL,33,44,0,0.0046,1.39,22387.5,644456.2,0.62,0.669131,-0.743145,0,0.0
2026-03-31T09:13:00+00:00,JCT02_ARM_SOUTH,JCT02,ARM_SOUTH,NORMAL,33,50,0,0.0034,1.49,25463.7,430966.3,0.73,0.665882,-0.746057,0,0.0
2026-03-31T09:14:00+00:00,JCT02_ARM_SOUTH,JCT02,ARM_SOUTH,NORMAL,33,44,0,0.0004,1.38,23944.8,553103.8,0.59,0.66262,-0.748956,0,0.0
2026-03-31T09:15:00+00:00,JCT02_ARM_SOUTH,JCT02,ARM_SOUTH,NORMAL,33,33,0,0.0316,1.38,25845.4,338325.9,0.6,0.659346,-0.75184,0,0.0
2026-03-31T09:16:00+00:00,JCT02_ARM_SOUTH,JCT02,ARM_SOUTH,NORMAL,33,57,1,0.0066,2.15,23191.9,667265.9,0.97,0.656059,-0.75471,0,0.0
2026-03-31T09:17:00+00:00,JCT02_ARM_SOUTH,JCT02,ARM_SOUTH,NORMAL,33,49,1,0.0242,1.71,25010.7,549380.7,0.78,0.65276,-0.757565,0,0.0
2026-03-31T09:18:00+00:00,JCT02_ARM_SOUTH,JCT02,ARM_SOUTH,NORMAL,33,41,0,0.0066,1.36,25273.5,644456.2,0.57,0.649448,-0.760406,0,0.0
2026-03-31T09:19:00+00:00,JCT02_ARM_SOUTH,JCT02,ARM_SOUTH,NORMAL,33,51,0,0.0035,1.28,20687.8,606723.3,0.69,0.646124,-0.763232,0,0.0
2026-03-31T09:20:00+00:00,JCT02_ARM_SOUTH,JCT02,ARM_SOUTH,NORMAL,33,38,0,0.0018,1.1,24335.6,430966.3,0.52,0.642788,-0.766044,0,0.0
2026-03-31T09:21:00+00:00,JCT02_ARM_SOUTH,JCT02,ARM_SOUTH,NORMAL,33,45,0,0.027,1.61,25459.3,553103.8,0.68,0.639439,-0.768842,0,0.0
2026-03-31T09:22:00+00:00,JCT02_ARM_SOUTH,JCT02,ARM_SOUTH,NORMAL,33,38,0,0.0064,1.66,25486.5,621314.2,0.68,0.636078,-0.771625,0,0.0
2026-03-31T09:23:00+00:00,JCT02_ARM_SOUTH,JCT02,ARM_SOUTH,NORMAL,33,58,1,0.0131,2.22,24677.6,667265.9,1.05,0.632705,-0.774393,0,0.0
2026-03-31T09:24:00+00:00,JCT02_ARM_SOUTH,JCT02,ARM_SOUTH,NORMAL,33,45,1,0.0171,1.19,21350.7,352678.7,0.59,0.62932,-0.777146,0,0.0
2026-03-31T09:25:00+00:00,JCT02_ARM_SOUTH,JCT02,ARM_SOUTH,NORMAL,33,42,0,0.0275,1.95,27507.1,621314.2,0.78,0.625923,-0.779884,0,0.0
2026-03-31T09:26:00+00:00,JCT02_ARM_SOUTH,JCT02,ARM_SOUTH,NORMAL,33,58,1,0.0118,2.16,23720.5,667265.9,1.02,0.622515,-0.782608,0,0.0
2026-03-31T09:27:00+00:00,JCT02_ARM_SOUTH,JCT02,ARM_SOUTH,NORMAL,33,44,1,0.02,1.25,21450.0,352678.7,0.62,0.619094,-0.785317,0,0.0
2026-03-31T09:28:00+00:00,JCT02_ARM_SOUTH,JCT02,ARM_SOUTH,NORMAL,33,58,0,0.0136,2.07,23414.1,667265.9,0.94,0.615661,-0.788011,0,0.0
2026-03-31T09:29:00+00:00,JCT02_ARM_SOUTH,JCT02,ARM_SOUTH,NORMAL,33,45,1,0.0288,1.4,24172.7,352678.7,0.65,0.612217,-0.79069,0,0.0
2026-03-31T09:30:00+00:00,JCT02_ARM_SOUTH,JCT02,ARM_SOUTH,NORMAL,33,54,0,0.0057,1.05,18243.3,325311.3,0.65,0.608761,-0.793353,0,0.0
2026-03-31T09:31:00+00:00,JCT02_ARM_SOUTH,JCT02,ARM_SOUTH,NORMAL,33,48,0,0.0179,1.18,18340.2,429614.5,0.69,0.636078,-0.771625,0,0.0
2026-03-31T09:32:00+00:00,JCT02_ARM_SOUTH,JCT02,ARM_SOUTH,NORMAL,33,55,0,0.0486,1.99,21120.5,398676.6,0.98,0.632705,-0.774393,0,0.0
2026-03-31T09:33:00+00:00,JCT02_ARM_SOUTH,JCT02,ARM_SOUTH,NORMAL,33,52,0,0.0397,1.92,26152.4,561689.2,0.88,0.62932,-0.777146,0,0.0
2026-03-31T09:34:00+00:00,JCT02_ARM_SOUTH,JCT02,ARM_SOUTH,NORMAL,33,44,0,0.0323,1.78,26497.4,465666.1,0.71,0.625923,-0.779884,0,0.0
2026-03-31T09:35:00+00:00,JCT02_ARM_SOUTH,JCT02,ARM_SOUTH,NORMAL,33,54,0,0.0302,1.62,21121.3,434001.9,0.86,0.622515,-0.782608,0,0.0
2026-03-31T09:36:00+00:00,JCT02_ARM_SOUTH,JCT02,ARM_SOUTH,NORMAL,33,49,0,0.0322,1.71,22749.8,435129.4,0.79,0.619094,-0.785317,0,0.0
2026-03-31T09:37:00+00:00,JCT02_ARM_SOUTH,JCT02,ARM_SOUTH,NORMAL,33,66,1,0.039,1.61,14793.4,370647.9,1.14,0.615661,-0.788011,0,0.0
2026-03-31T09:38:00+00:00,JCT02_ARM_SOUTH,JCT02,ARM_SOUTH,NORMAL,33,62,1,0.0464,2.17,19712.2,430976.1,1.13,0.612217,-0.79069,0,0.0
2026-03-31T09:39:00+00:00,JCT02_ARM_SOUTH,JCT02,ARM_SOUTH,NORMAL,33,61,0,0.0292,1.82,20703.3,451199.7,1.0,0.608761,-0.793353,0,0.0
2026-03-31T09:40:00+00:00,JCT02_ARM_SOUTH,JCT02,ARM_SOUTH,NORMAL,33,64,0,0.0181,1.9,22665.2,483206.9,0.96,0.605294,-0.796002,0,0.0
2026-03-31T09:41:00+00:00,JCT02_ARM_SOUTH,JCT02,ARM_SOUTH,NORMAL,33,58,0,0.0123,1.93,24861.7,623335.0,0.77,0.601815,-0.798636,0,0.0
2026-03-31T09:42:00+00:00,JCT02_ARM_SOUTH,JCT02,ARM_SOUTH,NORMAL,33,63,0,0.0529,2.15,21424.0,443982.4,1.07,0.598325,-0.801254,0,0.0
2026-03-31T09:43:00+00:00,JCT02_ARM_SOUTH,JCT02,ARM_SOUTH,NORMAL,33,56,0,0.0318,1.71,20119.2,506418.1,0.93,0.594823,-0.803857,0,0.0
2026-03-31T09:44:00+00:00,JCT02_ARM_SOUTH,JCT02,ARM_SOUTH,NORMAL,33,66,0,0.0265,1.72,18450.8,554809.0,0.99,0.59131,-0.806445,0,0.0
2026-03-31T09:45:00+00:00,JCT02_ARM_SOUTH,JCT02,ARM_SOUTH,NORMAL,33,49,1,0.0392,1.47,20669.0,451815.6,0.77,0.587785,-0.809017,0,0.0
2026-03-31T09:46:00+00:00,JCT02_ARM_SOUTH,JCT02,ARM_SOUTH,NORMAL,33,59,0,0.021,1.53,18010.8,429656.8,0.82,0.58425,-0.811574,0,0.0
2026-03-31T09:47:00+00:00,JCT02_ARM_SOUTH,JCT02,ARM_SOUTH,NORMAL,33,58,1,0.0624,1.78,19124.7,442048.6,1.02,0.580703,-0.814116,0,0.0
2026-03-31T09:48:00+00:00,JCT02_ARM_SOUTH,JCT02,ARM_SOUTH,NORMAL,33,61,0,0.0475,2.44,22860.4,382208.2,1.18,0.577145,-0.816642,0,0.0
2026-03-31T09:49:00+00:00,JCT02_ARM_SOUTH,JCT02,ARM_SOUTH,NORMAL,33,68,0,0.019,2.26,19985.7,449012.9,1.18,0.573576,-0.819152,0,0.0
2026-03-31T09:50:00+00:00,JCT02_ARM_SOUTH,JCT02,ARM_SOUTH,NORMAL,33,54,0,0.0408,1.57,19792.9,462013.8,0.81,0.569997,-0.821647,0,0.0
2026-03-31T09:51:00+00:00,JCT02_ARM_SOUTH,JCT02,ARM_SOUTH,NORMAL,33,48,0,0.0264,1.23,17639.0,562736.1,0.69,0.566406,-0.824126,0,0.0
2026-03-31T09:52:00+00:00,JCT02_ARM_SOUTH,JCT02,ARM_SOUTH,NORMAL,33,56,1,0.0401,1.72,18841.7,623335.0,0.88,0.562805,-0.82659,0,0.0
2026-03-31T09:53:00+00:00,JCT02_ARM_SOUTH,JCT02,ARM_SOUTH,NORMAL,33,68,0,0.0521,2.45,24014.7,506418.1,1.14,0.559193,-0.829038,0,0.0
2026-03-31T09:54:00+00:00,JCT02_ARM_SOUTH,JCT02,ARM_SOUTH,NORMAL,33,58,1,0.0239,1.58,17350.4,464506.8,0.94,0.55557,-0.83147,0,0.0
2026-03-31T09:55:00+00:00,JCT02_ARM_SOUTH,JCT02,ARM_SOUTH,NORMAL,33,55,0,0.02,1.63,22355.5,554809.0,0.81,0.551937,-0.833886,0,0.0
2026-03-31T09:56:00+00:00,JCT02_ARM_SOUTH,JCT02,ARM_SOUTH,NORMAL,33,55,0,0.0381,1.27,16513.0,451815.6,0.82,0.548293,-0.836286,0,0.0
2026-03-31T09:57:00+00:00,JCT02_ARM_SOUTH,JCT02,ARM_SOUTH,NORMAL,33,62,1,0.0439,1.9,19491.3,442048.6,0.99,0.544639,-0.838671,0,0.0
2026-03-31T09:58:00+00:00,JCT02_ARM_SOUTH,JCT02,ARM_SOUTH,NORMAL,33,49,0,0.0549,1.74,20643.3,382208.2,0.92,0.540974,-0.841039,0,0.0
2026-03-31T09:59:00+00:00,JCT02_ARM_SOUTH,JCT02,ARM_SOUTH,NORMAL,33,69,0,0.0382,2.71,23231.6,385163.8,1.3,0.5373,-0.843391,0,0.0
2026-03-31T10:00:00+00:00,JCT02_ARM_SOUTH,JCT02,ARM_SOUTH,NORMAL,33,65,1,0.0322,1.93,18529.0,462013.8,1.07,0.533615,-0.845728,0,0.0
2026-03-31T10:01:00+00:00,JCT02_ARM_SOUTH,JCT02,ARM_SOUTH,NORMAL,33,55,0,0.0228,1.38,18175.7,562736.1,0.73,0.529919,-0.848048,0,0.0
2026-03-31T10:02:00+00:00,JCT02_ARM_SOUTH,JCT02,ARM_SOUTH,NORMAL,33,45,1,0.0293,1.44,20715.9,442048.6,0.74,0.526214,-0.850352,0,0.0
2026-03-31T10:03:00+00:00,JCT02_ARM_SOUTH,JCT02,ARM_SOUTH,NORMAL,33,55,1,0.0654,1.76,18519.3,309149.5,0.99,0.522499,-0.85264,0,0.0
2026-03-31T10:04:00+00:00,JCT02_ARM_SOUTH,JCT02,ARM_SOUTH,NORMAL,33,65,0,0.0436,2.63,22289.7,382208.2,1.28,0.518773,-0.854912,0,0.0
2026-03-31T10:05:00+00:00,JCT02_ARM_SOUTH,JCT02,ARM_SOUTH,NORMAL,33,68,0,0.0189,2.12,19514.5,449012.9,1.16,0.515038,-0.857167,0,0.0
2026-03-31T10:06:00+00:00,JCT02_ARM_SOUTH,JCT02,ARM_SOUTH,NORMAL,33,51,0,0.0483,1.44,19479.5,462013.8,0.75,0.511293,-0.859406,0,0.0
2026-03-31T10:07:00+00:00,JCT02_ARM_SOUTH,JCT02,ARM_SOUTH,NORMAL,33,47,0,0.0208,1.17,17397.9,562736.1,0.66,0.507538,-0.861629,0,0.0
2026-03-31T10:08:00+00:00,JCT02_ARM_SOUTH,JCT02,ARM_SOUTH,NORMAL,33,61,1,0.0385,1.87,18016.8,462013.8,1.04,0.503774,-0.863836,0,0.0
2026-03-31T10:09:00+00:00,JCT02_ARM_SOUTH,JCT02,ARM_SOUTH,NORMAL,34,54,0,0.0234,1.34,18095.1,562736.1,0.72,0.5,-0.866025,0,0.0
2026-03-31T10:10:00+00:00,JCT02_ARM_SOUTH,JCT02,ARM_SOUTH,NORMAL,34,45,1,0.0344,1.41,18497.4,562736.1,0.74,0.496217,-0.868199,0,0.0
2026-03-31T10:11:00+00:00,JCT02_ARM_SOUTH,JCT02,ARM_SOUTH,NORMAL,34,45,0,0.0253,1.07,16164.9,304898.5,0.65,0.492424,-0.870356,0,0.0
2026-03-31T10:12:00+00:00,JCT02_ARM_SOUTH,JCT02,ARM_SOUTH,NORMAL,34,50,1,0.0334,1.68,18663.1,313830.0,0.89,0.488621,-0.872496,0,0.0
2026-03-31T10:17:00+00:00,JCT02_ARM_SOUTH,JCT02,ARM_SOUTH,NORMAL,34,49,1,0.0929,1.66,15057.7,214981.0,0.97,0.434445,-0.900698,0,0.0
2026-03-31T10:18:00+00:00,JCT02_ARM_SOUTH,JCT02,ARM_SOUTH,NORMAL,34,54,1,0.0697,1.25,14890.1,276270.7,0.88,0.430511,-0.902585,0,0.0
2026-03-31T10:19:00+00:00,JCT02_ARM_SOUTH,JCT02,ARM_SOUTH,NORMAL,34,53,1,0.0817,1.61,17695.1,257832.3,0.84,0.426569,-0.904455,0,0.0
2026-03-31T10:20:00+00:00,JCT02_ARM_SOUTH,JCT02,ARM_SOUTH,NORMAL,34,52,1,0.1149,2.35,18660.0,269432.8,1.26,0.422618,-0.906308,0,0.0
2026-03-31T10:21:00+00:00,JCT02_ARM_SOUTH,JCT02,ARM_SOUTH,NORMAL,34,51,1,0.0939,1.72,17678.8,309870.7,0.93,0.41866,-0.908143,0,0.0
2026-03-31T10:22:00+00:00,JCT02_ARM_SOUTH,JCT02,ARM_SOUTH,NORMAL,34,45,1,0.1028,2.32,18414.8,279635.5,1.23,0.414693,-0.909961,0,0.0
2026-03-31T10:23:00+00:00,JCT02_ARM_SOUTH,JCT02,ARM_SOUTH,NORMAL,34,53,1,0.0715,1.95,19614.1,278257.8,1.01,0.410719,-0.911762,0,0.0
2026-03-31T10:24:00+00:00,JCT02_ARM_SOUTH,JCT02,ARM_SOUTH,NORMAL,34,52,1,0.1075,2.05,18253.3,335947.9,1.17,0.406737,-0.913545,0,0.0
2026-03-31T10:25:00+00:00,JCT02_ARM_SOUTH,JCT02,ARM_SOUTH,NORMAL,34,39,1,0.1775,3.02,22290.3,350916.2,1.21,0.402747,-0.915311,0,0.0
2026-03-31T10:26:00+00:00,JCT02_ARM_SOUTH,JCT02,ARM_SOUTH,NORMAL,34,52,0,0.0895,3.14,22955.0,358985.3,0.99,0.398749,-0.91706,0,0.0
2026-03-31T10:27:00+00:00,JCT02_ARM_SOUTH,JCT02,ARM_SOUTH,NORMAL,34,44,1,0.0201,2.07,24688.8,315471.8,0.76,0.394744,-0.918791,0,0.0
2026-03-31T10:28:00+00:00,JCT02_ARM_SOUTH,JCT02,ARM_SOUTH,NORMAL,34,66,1,0.0234,2.28,20598.9,369795.5,0.99,0.390731,-0.920505,0,0.0
2026-03-31T10:29:00+00:00,JCT02_ARM_SOUTH,JCT02,ARM_SOUTH,NORMAL,34,57,1,0.0676,2.32,19793.5,197224.4,0.88,0.386711,-0.922201,0,0.0
2026-03-31T10:30:00+00:00,JCT02_ARM_SOUTH,JCT02,ARM_SOUTH,NORMAL,34,50,1,0.0171,1.68,20713.6,360464.2,0.71,0.382683,-0.92388,0,0.0
2026-03-31T10:31:00+00:00,JCT02_ARM_SOUTH,JCT02,ARM_SOUTH,NORMAL,34,59,0,0.0307,2.26,22179.6,383841.7,0.9,0.378649,-0.925541,0,0.0
2026-03-31T10:32:00+00:00,JCT02_ARM_SOUTH,JCT02,ARM_SOUTH,OFF_PEAK_JAM,34,46,0,0.1096,1.92,22395.4,362969.0,0.72,0.374607,-0.927184,0,0.0
2026-03-31T10:33:00+00:00,JCT02_ARM_SOUTH,JCT02,ARM_SOUTH,NORMAL,34,55,1,0.0547,2.28,21869.3,301496.2,1.01,0.370557,-0.92881,0,0.0
2026-03-31T10:34:00+00:00,JCT02_ARM_SOUTH,JCT02,ARM_SOUTH,NORMAL,34,52,0,0.0618,1.88,22678.8,385640.1,0.77,0.366501,-0.930418,0,0.0
2026-03-31T10:35:00+00:00,JCT02_ARM_SOUTH,JCT02,ARM_SOUTH,NORMAL,34,55,1,0.0343,3.14,24902.3,331957.2,1.17,0.362438,-0.932008,0,0.0
2026-03-31T10:36:00+00:00,JCT02_ARM_SOUTH,JCT02,ARM_SOUTH,NORMAL,34,48,0,0.0301,2.23,24699.2,344732.5,0.88,0.358368,-0.93358,0,0.0
2026-03-31T10:37:00+00:00,JCT02_ARM_SOUTH,JCT02,ARM_SOUTH,NORMAL,34,50,1,0.0266,1.87,21456.7,323593.1,0.72,0.354291,-0.935135,0,0.0
2026-03-31T10:38:00+00:00,JCT02_ARM_SOUTH,JCT02,ARM_SOUTH,NORMAL,34,53,1,0.0426,2.16,20315.1,295296.9,0.88,0.350207,-0.936672,0,0.0
2026-03-31T10:39:00+00:00,JCT02_ARM_SOUTH,JCT02,ARM_SOUTH,NORMAL,34,37,1,0.046,2.45,29950.3,392538.0,0.73,0.346117,-0.938191,0,0.0
2026-03-31T10:40:00+00:00,JCT02_ARM_SOUTH,JCT02,ARM_SOUTH,NORMAL,34,40,0,0.0305,2.02,23433.4,353594.1,0.74,0.34202,-0.939693,0,0.0
2026-03-31T10:41:00+00:00,JCT02_ARM_SOUTH,JCT02,ARM_SOUTH,NORMAL,34,34,1,0.104,3.51,30964.0,329361.0,1.22,0.337917,-0.941176,0,0.0
2026-03-31T10:42:00+00:00,JCT02_ARM_SOUTH,JCT02,ARM_SOUTH,NORMAL,34,38,1,0.0303,2.04,24072.8,305155.8,0.7,0.333807,-0.942641,0,0.0
2026-03-31T10:43:00+00:00,JCT02_ARM_SOUTH,JCT02,ARM_SOUTH,NORMAL,34,53,1,0.0251,2.12,23055.3,360464.2,0.81,0.329691,-0.944089,0,0.0
2026-03-31T10:44:00+00:00,JCT02_ARM_SOUTH,JCT02,ARM_SOUTH,NORMAL,34,50,0,0.0264,1.95,20496.9,383841.7,0.78,0.325568,-0.945519,0,0.0
2026-03-31T10:45:00+00:00,JCT02_ARM_SOUTH,JCT02,ARM_SOUTH,NORMAL,34,50,0,0.1129,1.89,22160.0,323173.6,0.78,0.321439,-0.94693,0,0.0
2026-03-31T10:46:00+00:00,JCT02_ARM_SOUTH,JCT02,ARM_SOUTH,NORMAL,34,58,1,0.05,2.32,22978.6,362969.0,0.98,0.317305,-0.948324,0,0.0
2026-03-31T10:47:00+00:00,JCT02_ARM_SOUTH,JCT02,ARM_SOUTH,NORMAL,34,49,0,0.0502,1.77,22278.7,385640.1,0.73,0.313164,-0.949699,0,0.0
2026-03-31T10:48:00+00:00,JCT02_ARM_SOUTH,JCT02,ARM_SOUTH,NORMAL,34,57,1,0.046,3.15,23104.1,322102.6,1.21,0.309017,-0.951057,0,0.0
2026-03-31T10:49:00+00:00,JCT02_ARM_SOUTH,JCT02,ARM_SOUTH,NORMAL,34,48,0,0.0276,2.51,27364.9,344732.5,0.92,0.304864,-0.952396,0,0.0
2026-03-31T10:50:00+00:00,JCT02_ARM_SOUTH,JCT02,ARM_SOUTH,NORMAL,34,46,1,0.0263,1.29,17420.0,203096.0,0.62,0.300706,-0.953717,0,0.0
2026-03-31T10:51:00+00:00,JCT02_ARM_SOUTH,JCT02,ARM_SOUTH,NORMAL,34,62,1,0.0426,2.8,23449.7,323593.1,1.03,0.296542,-0.95502,0,0.0
2026-03-31T10:52:00+00:00,JCT02_ARM_SOUTH,JCT02,ARM_SOUTH,NORMAL,34,32,1,0.0536,1.89,24250.7,326599.9,0.63,0.292372,-0.956305,0,0.0
2026-03-31T10:53:00+00:00,JCT02_ARM_SOUTH,JCT02,ARM_SOUTH,NORMAL,34,36,0,0.0268,2.11,28036.6,392538.0,0.66,0.288196,-0.957571,0,0.0
2026-03-31T10:54:00+00:00,JCT02_ARM_SOUTH,JCT02,ARM_SOUTH,NORMAL,34,38,1,0.0916,3.33,27448.5,314165.9,1.22,0.284015,-0.95882,0,0.0
2026-03-31T10:55:00+00:00,JCT02_ARM_SOUTH,JCT02,ARM_SOUTH,NORMAL,34,42,0,0.0381,2.49,28955.8,329361.0,0.79,0.279829,-0.96005,0,0.0
2026-03-31T10:56:00+00:00,JCT02_ARM_SOUTH,JCT02,ARM_SOUTH,NORMAL,34,45,1,0.0381,1.81,19580.6,296290.0,0.85,0.275637,-0.961262,0,0.0
2026-03-31T10:57:00+00:00,JCT02_ARM_SOUTH,JCT02,ARM_SOUTH,NORMAL,34,54,1,0.0276,2.05,22084.6,323593.1,0.8,0.27144,-0.962455,0,0.0
2026-03-31T10:58:00+00:00,JCT02_ARM_SOUTH,JCT02,ARM_SOUTH,NORMAL,34,41,0,0.0697,2.01,21589.5,295296.9,0.76,0.267238,-0.96363,0,0.0
2026-03-31T10:59:00+00:00,JCT02_ARM_SOUTH,JCT02,ARM_SOUTH,NORMAL,34,37,0,0.0164,2.23,28830.9,392538.0,0.66,0.263031,-0.964787,0,0.0
2026-03-31T11:00:00+00:00,JCT02_ARM_SOUTH,JCT02,ARM_SOUTH,NORMAL,35,43,1,0.0912,3.12,25055.0,353594.1,1.19,0.258819,-0.965926,0,0.0
2026-03-31T11:01:00+00:00,JCT02_ARM_SOUTH,JCT02,ARM_SOUTH,NORMAL,35,32,1,0.0447,2.73,31877.9,329361.0,0.85,0.254602,-0.967046,0,0.0
2026-03-31T11:02:00+00:00,JCT02_ARM_SOUTH,JCT02,ARM_SOUTH,NORMAL,35,44,1,0.0375,2.2,23298.1,305155.8,0.83,0.25038,-0.968148,0,0.0
2026-03-31T11:03:00+00:00,JCT02_ARM_SOUTH,JCT02,ARM_SOUTH,NORMAL,35,37,0,0.0323,2.01,22609.1,353594.1,0.75,0.246153,-0.969231,0,0.0
2026-03-31T11:04:00+00:00,JCT02_ARM_SOUTH,JCT02,ARM_SOUTH,OFF_PEAK_JAM,35,36,1,0.1041,3.44,28980.1,314165.9,1.24,0.241922,-0.970296,0,0.0
2026-03-31T11:05:00+00:00,JCT02_ARM_SOUTH,JCT02,ARM_SOUTH,NORMAL,35,36,1,0.0251,2.17,27849.8,329361.0,0.64,0.237686,-0.971342,0,0.0
2026-03-31T11:06:00+00:00,JCT02_ARM_SOUTH,JCT02,ARM_SOUTH,NORMAL,35,37,1,0.0506,2.48,26976.4,329361.0,0.94,0.233445,-0.97237,0,0.0
2026-03-31T11:07:00+00:00,JCT02_ARM_SOUTH,JCT02,ARM_SOUTH,NORMAL,35,43,1,0.0372,2.2,23364.3,305155.8,0.82,0.2292,-0.973379,0,0.0
2026-03-31T11:08:00+00:00,JCT02_ARM_SOUTH,JCT02,ARM_SOUTH,NORMAL,35,44,0,0.0437,2.5,22504.4,296290.0,1.0,0.224951,-0.97437,0,0.0
2026-03-31T11:09:00+00:00,JCT02_ARM_SOUTH,JCT02,ARM_SOUTH,OFF_PEAK_JAM,34,29,1,0.3389,4.62,24045.2,319067.8,1.58,0.333807,-0.942641,0,0.0
2026-03-31T11:10:00+00:00,JCT02_ARM_SOUTH,JCT02,ARM_SOUTH,NORMAL,34,48,1,0.1505,3.17,20024.9,385496.7,1.57,0.329691,-0.944089,0,0.0
2026-03-31T11:11:00+00:00,JCT02_ARM_SOUTH,JCT02,ARM_SOUTH,NORMAL,34,39,1,0.0689,1.09,13764.4,315494.9,0.72,0.325568,-0.945519,0,0.0
2026-03-31T11:12:00+00:00,JCT02_ARM_SOUTH,JCT02,ARM_SOUTH,NORMAL,34,45,1,0.0961,1.56,16182.0,324063.1,0.88,0.321439,-0.94693,0,0.0
2026-03-31T11:13:00+00:00,JCT02_ARM_SOUTH,JCT02,ARM_SOUTH,NORMAL,34,37,1,0.3017,1.67,15464.2,348264.9,0.98,0.317305,-0.948324,0,0.0
2026-03-31T11:14:00+00:00,JCT02_ARM_SOUTH,JCT02,ARM_SOUTH,NORMAL,34,36,1,0.4988,1.75,11342.7,246887.1,1.21,0.313164,-0.949699,0,0.0
2026-03-31T11:15:00+00:00,JCT02_ARM_SOUTH,JCT02,ARM_SOUTH,NORMAL,34,39,1,0.1554,1.86,21012.2,384331.8,0.88,0.309017,-0.951057,0,0.0
2026-03-31T11:16:00+00:00,JCT02_ARM_SOUTH,JCT02,ARM_SOUTH,NORMAL,34,55,1,0.2324,1.64,14113.2,285181.9,1.11,0.304864,-0.952396,0,0.0
2026-03-31T11:17:00+00:00,JCT02_ARM_SOUTH,JCT02,ARM_SOUTH,NORMAL,34,38,1,0.3086,1.78,15541.1,295021.1,1.02,0.300706,-0.953717,0,0.0
2026-03-31T11:18:00+00:00,JCT02_ARM_SOUTH,JCT02,ARM_SOUTH,NORMAL,34,61,1,0.1216,2.5,18955.4,330721.5,1.43,0.296542,-0.95502,0,0.0
2026-03-31T11:19:00+00:00,JCT02_ARM_SOUTH,JCT02,ARM_SOUTH,NORMAL,34,41,1,0.1137,1.47,19916.9,292246.6,0.73,0.292372,-0.956305,0,0.0
2026-03-31T11:20:00+00:00,JCT02_ARM_SOUTH,JCT02,ARM_SOUTH,NORMAL,34,41,1,0.0997,1.66,16938.5,323698.0,0.96,0.288196,-0.957571,0,0.0
2026-03-31T11:21:00+00:00,JCT02_ARM_SOUTH,JCT02,ARM_SOUTH,NORMAL,34,38,1,0.1444,1.81,21209.3,384331.8,0.85,0.284015,-0.95882,0,0.0
2026-03-31T11:22:00+00:00,JCT02_ARM_SOUTH,JCT02,ARM_SOUTH,NORMAL,34,58,1,0.2408,1.76,14315.6,285181.9,1.18,0.279829,-0.96005,0,0.0
2026-03-31T11:23:00+00:00,JCT02_ARM_SOUTH,JCT02,ARM_SOUTH,NORMAL,34,37,1,0.2957,1.76,16687.5,295021.1,0.95,0.275637,-0.961262,0,0.0
2026-03-31T11:24:00+00:00,JCT02_ARM_SOUTH,JCT02,ARM_SOUTH,NORMAL,34,63,1,0.1196,2.51,18462.2,330721.5,1.47,0.27144,-0.962455,0,0.0
2026-03-31T11:25:00+00:00,JCT02_ARM_SOUTH,JCT02,ARM_SOUTH,NORMAL,34,39,1,0.1218,1.46,19264.9,292246.6,0.73,0.267238,-0.96363,0,0.0
2026-03-31T11:26:00+00:00,JCT02_ARM_SOUTH,JCT02,ARM_SOUTH,NORMAL,34,44,1,0.0653,1.96,20693.7,323698.0,0.97,0.263031,-0.964787,0,0.0
2026-03-31T11:27:00+00:00,JCT02_ARM_SOUTH,JCT02,ARM_SOUTH,NORMAL,35,63,1,0.1178,2.45,18173.8,330721.5,1.45,0.258819,-0.965926,0,0.0
2026-03-31T11:28:00+00:00,JCT02_ARM_SOUTH,JCT02,ARM_SOUTH,NORMAL,35,39,1,0.1205,1.48,19117.8,292246.6,0.75,0.254602,-0.967046,0,0.0
2026-03-31T11:29:00+00:00,JCT02_ARM_SOUTH,JCT02,ARM_SOUTH,NORMAL,35,39,1,0.0587,1.56,19071.3,323698.0,0.84,0.25038,-0.968148,0,0.0
2026-03-31T11:30:00+00:00,JCT02_ARM_SOUTH,JCT02,ARM_SOUTH,NORMAL,35,56,1,0.082,2.35,19670.9,323698.0,1.25,0.246153,-0.969231,0,0.0
2026-03-31T11:31:00+00:00,JCT02_ARM_SOUTH,JCT02,ARM_SOUTH,NORMAL,35,28,0,0.0478,1.01,16608.0,173129.3,0.59,0.241922,-0.970296,0,0.0
2026-03-31T11:39:00+00:00,JCT02_ARM_SOUTH,JCT02,ARM_SOUTH,NORMAL,35,30,1,0.1535,1.67,14733.6,194795.8,1.13,0.091502,-0.995805,0,0.0
2026-03-31T11:40:00+00:00,JCT02_ARM_SOUTH,JCT02,ARM_SOUTH,NORMAL,35,32,1,0.0995,1.78,15533.2,173809.0,1.22,0.087156,-0.996195,0,0.0
2026-03-31T11:41:00+00:00,JCT02_ARM_SOUTH,JCT02,ARM_SOUTH,NORMAL,35,30,1,0.1229,1.65,15573.3,188885.3,1.04,0.082808,-0.996566,0,0.0
2026-03-31T11:42:00+00:00,JCT02_ARM_SOUTH,JCT02,ARM_SOUTH,NORMAL,35,24,1,0.1049,0.85,10003.0,106423.2,0.77,0.078459,-0.996917,0,0.0
2026-03-31T11:43:00+00:00,JCT02_ARM_SOUTH,JCT02,ARM_SOUTH,NORMAL,35,31,1,0.1144,1.15,11871.1,178204.7,0.89,0.074108,-0.99725,0,0.0
2026-03-31T11:44:00+00:00,JCT02_ARM_SOUTH,JCT02,ARM_SOUTH,NORMAL,35,32,1,0.2878,1.71,13301.0,153979.9,1.32,0.069756,-0.997564,0,0.0
2026-03-31T11:45:00+00:00,JCT02_ARM_SOUTH,JCT02,ARM_SOUTH,NORMAL,35,21,1,0.0988,0.73,11910.5,99484.8,0.63,0.065403,-0.997859,0,0.0
2026-03-31T11:46:00+00:00,JCT02_ARM_SOUTH,JCT02,ARM_SOUTH,NORMAL,35,20,1,0.1517,1.1,13955.1,159180.1,0.83,0.061049,-0.998135,0,0.0
2026-03-31T11:47:00+00:00,JCT02_ARM_SOUTH,JCT02,ARM_SOUTH,NORMAL,35,18,1,0.1612,1.22,14493.4,144936.8,0.77,0.056693,-0.998392,0,0.0
2026-03-31T11:48:00+00:00,JCT02_ARM_SOUTH,JCT02,ARM_SOUTH,OFF_PEAK_JAM,35,28,1,0.1358,2.03,17736.2,180805.2,1.04,0.052336,-0.99863,0,0.0
2026-03-31T11:49:00+00:00,JCT02_ARM_SOUTH,JCT02,ARM_SOUTH,NORMAL,35,21,1,0.0772,1.0,15349.0,183845.0,0.65,0.047978,-0.998848,0,0.0
2026-03-31T11:50:00+00:00,JCT02_ARM_SOUTH,JCT02,ARM_SOUTH,NORMAL,35,29,1,0.1471,1.46,14655.1,198363.7,1.0,0.043619,-0.999048,0,0.0
2026-03-31T11:51:00+00:00,JCT02_ARM_SOUTH,JCT02,ARM_SOUTH,NORMAL,35,30,1,0.1279,1.5,17972.5,183474.8,0.95,0.03926,-0.999229,0,0.0
2026-03-31T11:52:00+00:00,JCT02_ARM_SOUTH,JCT02,ARM_SOUTH,NORMAL,35,20,1,0.077,0.79,14821.2,116832.7,0.54,0.034899,-0.999391,0,0.0
2026-03-31T11:53:00+00:00,JCT02_ARM_SOUTH,JCT02,ARM_SOUTH,NORMAL,35,13,1,0.084,0.52,13040.2,95641.8,0.39,0.030539,-0.999534,0,0.0
2026-03-31T11:54:00+00:00,JCT02_ARM_SOUTH,JCT02,ARM_SOUTH,NORMAL,35,17,1,0.1152,1.0,21953.1,230114.2,0.47,0.026177,-0.999657,0,0.0
2026-03-31T11:55:00+00:00,JCT02_ARM_SOUTH,JCT02,ARM_SOUTH,NORMAL,35,21,1,0.281,1.18,17053.2,206004.1,0.73,0.021815,-0.999762,0,0.0
2026-03-31T11:56:00+00:00,JCT02_ARM_SOUTH,JCT02,ARM_SOUTH,NORMAL,35,29,1,0.1452,2.25,20063.9,193188.7,1.17,0.017452,-0.999848,0,0.0
2026-03-31T11:57:00+00:00,JCT02_ARM_SOUTH,JCT02,ARM_SOUTH,NORMAL,35,30,1,0.2269,1.36,16016.1,179410.7,0.9,0.01309,-0.999914,0,0.0
2026-03-31T11:58:00+00:00,JCT02_ARM_SOUTH,JCT02,ARM_SOUTH,NORMAL,35,33,1,0.1784,2.38,19213.3,175626.7,1.22,0.008727,-0.999962,0,0.0
2026-03-31T11:59:00+00:00,JCT02_ARM_SOUTH,JCT02,ARM_SOUTH,NORMAL,35,20,1,0.2855,3.49,21175.7,175484.5,1.54,0.004363,-0.99999,0,0.0
2026-03-31T12:00:00+00:00,JCT02_ARM_SOUTH,JCT02,ARM_SOUTH,NORMAL,36,25,1,0.1614,1.22,14049.1,190264.3,0.87,0.0,-1.0,0,0.0
2026-03-31T12:01:00+00:00,JCT02_ARM_SOUTH,JCT02,ARM_SOUTH,NORMAL,36,28,1,0.0782,1.18,15961.3,159654.3,0.77,-0.004363,-0.99999,0,0.0
2026-03-31T12:02:00+00:00,JCT02_ARM_SOUTH,JCT02,ARM_SOUTH,NORMAL,36,33,1,0.1164,1.73,15935.7,190328.3,1.12,-0.008727,-0.999962,0,0.0
2026-03-31T12:03:00+00:00,JCT02_ARM_SOUTH,JCT02,ARM_SOUTH,NORMAL,36,24,1,0.2998,2.3,18902.8,142987.2,1.31,-0.01309,-0.999914,0,0.0
2026-03-31T12:04:00+00:00,JCT02_ARM_SOUTH,JCT02,ARM_SOUTH,NORMAL,36,23,1,0.0814,1.26,16940.6,188836.9,0.76,-0.017452,-0.999848,0,0.0
2026-03-31T12:05:00+00:00,JCT02_ARM_SOUTH,JCT02,ARM_SOUTH,NORMAL,36,15,1,0.0783,0.7,14522.6,116832.7,0.48,-0.021815,-0.999762,0,0.0
2026-03-31T12:06:00+00:00,JCT02_ARM_SOUTH,JCT02,ARM_SOUTH,NORMAL,36,15,1,0.0927,0.54,13079.5,95641.8,0.4,-0.026177,-0.999657,0,0.0
2026-03-31T12:07:00+00:00,JCT02_ARM_SOUTH,JCT02,ARM_SOUTH,NORMAL,36,20,1,0.1038,1.09,21268.0,230114.2,0.54,-0.030539,-0.999534,0,0.0
2026-03-31T12:08:00+00:00,JCT02_ARM_SOUTH,JCT02,ARM_SOUTH,NORMAL,36,18,1,0.2933,1.04,16829.9,179857.6,0.66,-0.034899,-0.999391,0,0.0
2026-03-31T12:09:00+00:00,JCT02_ARM_SOUTH,JCT02,ARM_SOUTH,NORMAL,36,31,1,0.1424,2.36,20343.4,206004.1,1.2,-0.03926,-0.999229,0,0.0
2026-03-31T12:10:00+00:00,JCT02_ARM_SOUTH,JCT02,ARM_SOUTH,NORMAL,36,24,1,0.1913,1.04,16115.7,167830.9,0.71,-0.043619,-0.999048,0,0.0
2026-03-31T12:11:00+00:00,JCT02_ARM_SOUTH,JCT02,ARM_SOUTH,NORMAL,36,34,1,0.197,2.24,18580.3,179410.7,1.21,-0.047978,-0.998848,0,0.0
2026-03-31T12:12:00+00:00,JCT02_ARM_SOUTH,JCT02,ARM_SOUTH,OFF_PEAK_JAM,36,25,1,0.2781,3.84,21072.1,175626.7,1.7,-0.052336,-0.99863,0,0.0
2026-03-31T12:13:00+00:00,JCT02_ARM_SOUTH,JCT02,ARM_SOUTH,NORMAL,36,25,1,0.1712,1.39,14729.1,190264.3,0.93,-0.056693,-0.998392,0,0.0
2026-03-31T12:14:00+00:00,JCT02_ARM_SOUTH,JCT02,ARM_SOUTH,NORMAL,36,25,1,0.0853,0.98,14790.2,159654.3,0.69,-0.061049,-0.998135,0,0.0
2026-03-31T12:15:00+00:00,JCT02_ARM_SOUTH,JCT02,ARM_SOUTH,NORMAL,36,32,1,0.1068,1.76,17029.4,190328.3,1.07,-0.065403,-0.997859,0,0.0
2026-03-31T12:16:00+00:00,JCT02_ARM_SOUTH,JCT02,ARM_SOUTH,OFF_PEAK_JAM,36,29,1,0.2917,2.47,18869.2,188065.3,1.43,-0.069756,-0.997564,0,0.0
2026-03-31T12:17:00+00:00,JCT02_ARM_SOUTH,JCT02,ARM_SOUTH,OFF_PEAK_JAM,36,19,1,0.0789,1.17,17839.3,188836.9,0.67,-0.074108,-0.99725,0,0.0
2026-03-31T12:18:00+00:00,JCT02_ARM_SOUTH,JCT02,ARM_SOUTH,NORMAL,36,20,1,0.2041,1.95,16706.5,175626.7,0.99,-0.078459,-0.996917,0,0.0
2026-03-31T12:19:00+00:00,JCT02_ARM_SOUTH,JCT02,ARM_SOUTH,NORMAL,36,24,1,0.2715,2.82,17927.2,175484.5,1.42,-0.082808,-0.996566,0,0.0
2026-03-31T12:20:00+00:00,JCT02_ARM_SOUTH,JCT02,ARM_SOUTH,NORMAL,36,26,1,0.1182,1.28,15836.0,190264.3,0.81,-0.087156,-0.996195,0,0.0
2026-03-31T12:21:00+00:00,JCT02_ARM_SOUTH,JCT02,ARM_SOUTH,NORMAL,36,30,1,0.1003,1.3,16314.6,190328.3,0.85,-0.091502,-0.995805,0,0.0
2026-03-31T12:22:00+00:00,JCT02_ARM_SOUTH,JCT02,ARM_SOUTH,NORMAL,36,33,1,0.1787,2.07,15955.3,188065.3,1.34,-0.095846,-0.995396,0,0.0
2026-03-31T12:23:00+00:00,JCT02_ARM_SOUTH,JCT02,ARM_SOUTH,NORMAL,36,19,1,0.2814,1.7,19397.8,164895.0,0.91,-0.100188,-0.994969,0,0.0
2026-03-31T12:24:00+00:00,JCT02_ARM_SOUTH,JCT02,ARM_SOUTH,NORMAL,36,23,1,0.0792,1.2,16087.3,188836.9,0.76,-0.104528,-0.994522,0,0.0
2026-03-31T12:25:00+00:00,JCT02_ARM_SOUTH,JCT02,ARM_SOUTH,NORMAL,36,32,1,0.1114,1.72,16120.7,190328.3,1.08,-0.108867,-0.994056,0,0.0
2026-03-31T12:26:00+00:00,JCT02_ARM_SOUTH,JCT02,ARM_SOUTH,OFF_PEAK_JAM,36,26,1,0.2967,2.38,18379.0,142987.2,1.4,-0.113203,-0.993572,0,0.0
2026-03-31T12:27:00+00:00,JCT02_ARM_SOUTH,JCT02,ARM_SOUTH,NORMAL,36,22,1,0.0858,1.23,17530.4,188836.9,0.72,-0.117537,-0.993068,0,0.0
2026-03-31T12:28:00+00:00,JCT02_ARM_SOUTH,JCT02,ARM_SOUTH,NORMAL,36,16,1,0.0697,0.67,12460.2,164895.0,0.53,-0.121869,-0.992546,0,0.0
2026-03-31T12:29:00+00:00,JCT02_ARM_SOUTH,JCT02,ARM_SOUTH,NORMAL,36,22,1,0.0819,1.24,16471.2,188836.9,0.77,-0.126199,-0.992005,0,0.0
2026-03-31T12:30:00+00:00,JCT02_ARM_SOUTH,JCT02,ARM_SOUTH,NORMAL,36,21,1,0.0771,0.98,12539.5,103636.2,0.75,-0.130526,-0.991445,0,0.0
2026-03-31T12:33:00+00:00,JCT02_ARM_SOUTH,JCT02,ARM_SOUTH,NORMAL,36,19,1,0.0963,1.0,16497.9,195806.1,0.62,-0.143493,-0.989651,0,0.0
2026-03-31T12:34:00+00:00,JCT02_ARM_SOUTH,JCT02,ARM_SOUTH,NORMAL,36,31,1,0.1804,1.43,14039.9,167487.5,1.07,-0.147809,-0.989016,0,0.0
2026-03-31T12:35:00+00:00,JCT02_ARM_SOUTH,JCT02,ARM_SOUTH,NORMAL,36,33,1,0.1331,2.1,15014.0,159555.2,1.31,-0.152123,-0.988362,0,0.0
2026-03-31T12:36:00+00:00,JCT02_ARM_SOUTH,JCT02,ARM_SOUTH,OFF_PEAK_JAM,36,21,1,0.2983,3.21,22118.4,190159.6,1.36,-0.156434,-0.987688,0,0.0
2026-03-31T12:37:00+00:00,JCT02_ARM_SOUTH,JCT02,ARM_SOUTH,NORMAL,36,28,1,0.1483,1.68,18385.4,203523.7,0.89,-0.160743,-0.986996,0,0.0
2026-03-31T12:38:00+00:00,JCT02_ARM_SOUTH,JCT02,ARM_SOUTH,OFF_PEAK_JAM,36,25,1,0.153,1.32,18193.3,192346.9,0.84,-0.165048,-0.986286,0,0.0
2026-03-31T12:39:00+00:00,JCT02_ARM_SOUTH,JCT02,ARM_SOUTH,NORMAL,36,22,1,0.254,1.69,17742.0,132949.4,0.9,-0.16935,-0.985556,0,0.0
2026-03-31T12:40:00+00:00,JCT02_ARM_SOUTH,JCT02,ARM_SOUTH,NORMAL,36,28,1,0.1059,0.93,12358.1,127319.5,0.8,-0.173648,-0.984808,0,0.0
2026-03-31T12:41:00+00:00,JCT02_ARM_SOUTH,JCT02,ARM_SOUTH,NORMAL,36,23,1,0.1891,1.49,14859.7,189764.9,0.99,-0.177944,-0.984041,0,0.0
2026-03-31T12:42:00+00:00,JCT02_ARM_SOUTH,JCT02,ARM_SOUTH,NORMAL,36,32,1,0.1645,2.39,19569.5,172722.9,1.28,-0.182236,-0.983255,0,0.0
2026-03-31T12:43:00+00:00,JCT02_ARM_SOUTH,JCT02,ARM_SOUTH,NORMAL,36,19,1,0.1453,1.4,16554.1,208364.8,0.88,-0.186524,-0.98245,0,0.0
2026-03-31T12:44:00+00:00,JCT02_ARM_SOUTH,JCT02,ARM_SOUTH,NORMAL,36,32,1,0.1348,1.34,14808.3,207883.7,0.93,-0.190809,-0.981627,0,0.0
2026-03-31T12:45:00+00:00,JCT02_ARM_SOUTH,JCT02,ARM_SOUTH,NORMAL,36,16,1,0.1525,0.91,13584.2,183566.9,0.64,-0.19509,-0.980785,0,0.0
2026-03-31T12:46:00+00:00,JCT02_ARM_SOUTH,JCT02,ARM_SOUTH,NORMAL,36,30,1,0.2297,1.97,14334.5,173301.6,1.35,-0.199368,-0.979925,0,0.0
2026-03-31T12:47:00+00:00,JCT02_ARM_SOUTH,JCT02,ARM_SOUTH,NORMAL,36,23,1,0.1414,1.05,15048.9,142555.7,0.75,-0.203642,-0.979045,0,0.0
2026-03-31T12:48:00+00:00,JCT02_ARM_SOUTH,JCT02,ARM_SOUTH,NORMAL,36,23,1,0.1236,0.82,11960.9,151513.9,0.68,-0.207912,-0.978148,0,0.0
2026-03-31T12:49:00+00:00,JCT02_ARM_SOUTH,JCT02,ARM_SOUTH,NORMAL,36,33,1,0.1387,1.1,12745.0,181015.8,0.94,-0.212178,-0.977231,0,0.0
2026-03-31T12:50:00+00:00,JCT02_ARM_SOUTH,JCT02,ARM_SOUTH,NORMAL,36,29,1,0.1708,0.89,11812.7,163958.9,0.83,-0.21644,-0.976296,0,0.0
2026-03-31T12:51:00+00:00,JCT02_ARM_SOUTH,JCT02,ARM_SOUTH,NORMAL,36,20,1,0.1284,0.78,12028.4,180255.9,0.65,-0.220697,-0.975342,0,0.0
2026-03-31T12:52:00+00:00,JCT02_ARM_SOUTH,JCT02,ARM_SOUTH,NORMAL,36,23,1,0.3188,1.73,14054.2,202300.9,1.16,-0.224951,-0.97437,0,0.0
2026-03-31T12:53:00+00:00,JCT02_ARM_SOUTH,JCT02,ARM_SOUTH,NORMAL,36,32,1,0.2146,1.57,11091.9,154743.4,1.26,-0.2292,-0.973379,0,0.0
2026-03-31T12:54:00+00:00,JCT02_ARM_SOUTH,JCT02,ARM_SOUTH,NORMAL,36,29,1,0.2932,1.95,14768.8,166619.9,1.34,-0.233445,-0.97237,0,0.0
2026-03-31T12:55:00+00:00,JCT02_ARM_SOUTH,JCT02,ARM_SOUTH,NORMAL,36,27,1,0.1851,1.53,13712.8,201146.9,1.02,-0.237686,-0.971342,0,0.0
2026-03-31T12:56:00+00:00,JCT02_ARM_SOUTH,JCT02,ARM_SOUTH,NORMAL,36,28,1,0.182,1.21,12354.2,150169.6,1.01,-0.241922,-0.970296,0,0.0
2026-03-31T12:57:00+00:00,JCT02_ARM_SOUTH,JCT02,ARM_SOUTH,NORMAL,36,21,1,0.1475,1.05,13467.5,182194.5,0.74,-0.246153,-0.969231,0,0.0
2026-03-31T12:58:00+00:00,JCT02_ARM_SOUTH,JCT02,ARM_SOUTH,NORMAL,36,22,1,0.1201,0.75,11301.2,143885.1,0.67,-0.25038,-0.968148,0,0.0
2026-03-31T12:59:00+00:00,JCT02_ARM_SOUTH,JCT02,ARM_SOUTH,NORMAL,36,29,1,0.1855,2.1,17697.9,217099.9,1.28,-0.254602,-0.967046,0,0.0
2026-03-31T13:00:00+00:00,JCT02_ARM_SOUTH,JCT02,ARM_SOUTH,NORMAL,37,25,1,0.1458,0.98,13091.2,121460.9,0.77,-0.258819,-0.965926,0,0.0
2026-03-31T13:01:00+00:00,JCT02_ARM_SOUTH,JCT02,ARM_SOUTH,NORMAL,37,22,1,0.1308,1.03,14546.9,151513.9,0.73,-0.263031,-0.964787,0,0.0
2026-03-31T13:02:00+00:00,JCT02_ARM_SOUTH,JCT02,ARM_SOUTH,NORMAL,37,30,1,0.1531,0.9,11962.8,181015.8,0.83,-0.267238,-0.96363,0,0.0
2026-03-31T13:03:00+00:00,JCT02_ARM_SOUTH,JCT02,ARM_SOUTH,NORMAL,37,27,1,0.1386,0.83,10456.6,84319.9,0.82,-0.27144,-0.962455,0,0.0
2026-03-31T13:04:00+00:00,JCT02_ARM_SOUTH,JCT02,ARM_SOUTH,NORMAL,37,25,1,0.122,1.05,14170.7,180255.9,0.8,-0.275637,-0.961262,0,0.0
2026-03-31T13:05:00+00:00,JCT02_ARM_SOUTH,JCT02,ARM_SOUTH,NORMAL,37,21,1,0.3493,1.54,13237.0,202300.9,1.05,-0.279829,-0.96005,0,0.0
2026-03-31T13:06:00+00:00,JCT02_ARM_SOUTH,JCT02,ARM_SOUTH,NORMAL,37,34,1,0.1952,1.77,12550.7,154743.4,1.38,-0.284015,-0.95882,0,0.0
2026-03-31T13:07:00+00:00,JCT02_ARM_SOUTH,JCT02,ARM_SOUTH,NORMAL,37,21,1,0.35,1.67,14030.4,166619.9,1.1,-0.288196,-0.957571,0,0.0
2026-03-31T13:08:00+00:00,JCT02_ARM_SOUTH,JCT02,ARM_SOUTH,NORMAL,37,35,1,0.162,1.77,13710.2,201146.9,1.25,-0.292372,-0.956305,0,0.0
2026-03-31T13:09:00+00:00,JCT02_ARM_SOUTH,JCT02,ARM_SOUTH,NORMAL,37,27,1,0.1749,1.17,12476.9,150169.6,0.97,-0.296542,-0.95502,0,0.0
2026-03-31T13:10:00+00:00,JCT02_ARM_SOUTH,JCT02,ARM_SOUTH,NORMAL,37,22,1,0.1441,1.03,12771.9,170538.0,0.74,-0.300706,-0.953717,0,0.0
2026-03-31T13:11:00+00:00,JCT02_ARM_SOUTH,JCT02,ARM_SOUTH,NORMAL,37,23,1,0.1441,0.87,12356.0,182194.5,0.75,-0.304864,-0.952396,0,0.0
2026-03-31T13:12:00+00:00,JCT02_ARM_SOUTH,JCT02,ARM_SOUTH,NORMAL,37,34,1,0.156,1.79,14787.6,217099.9,1.25,-0.309017,-0.951057,0,0.0
2026-03-31T13:13:00+00:00,JCT02_ARM_SOUTH,JCT02,ARM_SOUTH,NORMAL,37,27,1,0.236,1.47,11230.0,154743.4,1.15,-0.313164,-0.949699,0,0.0
2026-03-31T13:14:00+00:00,JCT02_ARM_SOUTH,JCT02,ARM_SOUTH,OFF_PEAK_JAM,37,28,1,0.2865,2.06,16055.6,201146.9,1.31,-0.317305,-0.948324,0,0.0
2026-03-31T13:15:00+00:00,JCT02_ARM_SOUTH,JCT02,ARM_SOUTH,NORMAL,37,31,1,0.1951,1.5,12331.2,118373.9,1.12,-0.321439,-0.94693,0,0.0
2026-03-31T13:16:00+00:00,JCT02_ARM_SOUTH,JCT02,ARM_SOUTH,NORMAL,37,24,1,0.1731,1.1,12313.4,170538.0,0.9,-0.325568,-0.945519,0,0.0
2026-03-31T13:17:00+00:00,JCT02_ARM_SOUTH,JCT02,ARM_SOUTH,NORMAL,37,20,1,0.1301,0.92,12903.5,182194.5,0.67,-0.329691,-0.944089,0,0.0
2026-03-31T13:18:00+00:00,JCT02_ARM_SOUTH,JCT02,ARM_SOUTH,NORMAL,37,22,1,0.1322,0.91,13322.5,167148.0,0.71,-0.333807,-0.942641,0,0.0
2026-03-31T13:19:00+00:00,JCT02_ARM_SOUTH,JCT02,ARM_SOUTH,NORMAL,37,28,1,0.1658,1.64,14889.7,217099.9,1.16,-0.337917,-0.941176,0,0.0
2026-03-31T13:20:00+00:00,JCT02_ARM_SOUTH,JCT02,ARM_SOUTH,NORMAL,37,22,1,0.1464,1.08,13672.3,182194.5,0.75,-0.34202,-0.939693,0,0.0
2026-03-31T13:21:00+00:00,JCT02_ARM_SOUTH,JCT02,ARM_SOUTH,NORMAL,37,24,1,0.1376,0.82,11096.9,143885.1,0.75,-0.346117,-0.938191,0,0.0
2026-03-31T13:22:00+00:00,JCT02_ARM_SOUTH,JCT02,ARM_SOUTH,NORMAL,37,23,1,0.1703,1.43,15359.1,217099.9,0.93,-0.350207,-0.936672,0,0.0
2026-03-31T13:23:00+00:00,JCT02_ARM_SOUTH,JCT02,ARM_SOUTH,NORMAL,37,23,1,0.1334,1.11,14237.1,190712.5,0.78,-0.354291,-0.935135,0,0.0
2026-03-31T13:24:00+00:00,JCT02_ARM_SOUTH,JCT02,ARM_SOUTH,NORMAL,37,30,1,0.1699,1.81,16406.9,217099.9,1.17,-0.358368,-0.93358,0,0.0
2026-03-31T13:25:00+00:00,JCT02_ARM_SOUTH,JCT02,ARM_SOUTH,NORMAL,36,20,1,0.1091,1.31,15541.5,179747.0,0.81,-0.207912,-0.978148,0,0.0
2026-03-31T13:26:00+00:00,JCT02_ARM_SOUTH,JCT02,ARM_SOUTH,NORMAL,36,24,1,0.1771,1.15,13683.0,172897.3,0.93,-0.212178,-0.977231,0,0.0
2026-03-31T13:27:00+00:00,JCT02_ARM_SOUTH,JCT02,ARM_SOUTH,NORMAL,36,30,1,0.2058,3.2,21584.3,177868.0,1.36,-0.21644,-0.976296,0,0.0
2026-03-31T13:28:00+00:00,JCT02_ARM_SOUTH,JCT02,ARM_SOUTH,OFF_PEAK_JAM,36,22,1,0.1846,1.23,13797.5,113592.3,0.92,-0.220697,-0.975342,0,0.0
2026-03-31T13:29:00+00:00,JCT02_ARM_SOUTH,JCT02,ARM_SOUTH,NORMAL,36,28,1,0.3426,3.25,22398.8,183298.2,1.66,-0.224951,-0.97437,0,0.0
2026-03-31T13:30:00+00:00,JCT02_ARM_SOUTH,JCT02,ARM_SOUTH,NORMAL,36,28,1,0.1329,1.05,12460.3,157371.2,0.83,-0.2292,-0.973379,0,0.0
2026-03-31T13:31:00+00:00,JCT02_ARM_SOUTH,JCT02,ARM_SOUTH,NORMAL,36,25,1,0.1078,1.3,14246.8,156182.8,0.85,-0.233445,-0.97237,0,0.0
2026-03-31T13:32:00+00:00,JCT02_ARM_SOUTH,JCT02,ARM_SOUTH,OFF_PEAK_JAM,36,28,1,0.3029,1.65,12528.1,90888.7,1.23,-0.237686,-0.971342,0,0.0
2026-03-31T13:33:00+00:00,JCT02_ARM_SOUTH,JCT02,ARM_SOUTH,NORMAL,36,27,1,0.286,2.87,23264.6,183298.2,1.42,-0.241922,-0.970296,0,0.0
2026-03-31T13:34:00+00:00,JCT02_ARM_SOUTH,JCT02,ARM_SOUTH,NORMAL,36,29,1,0.1273,1.14,13468.1,157371.2,0.82,-0.246153,-0.969231,0,0.0
2026-03-31T13:35:00+00:00,JCT02_ARM_SOUTH,JCT02,ARM_SOUTH,NORMAL,36,24,1,0.1147,1.23,12944.8,156182.8,0.85,-0.25038,-0.968148,0,0.0
2026-03-31T13:36:00+00:00,JCT02_ARM_SOUTH,JCT02,ARM_SOUTH,NORMAL,36,34,1,0.1173,1.4,14529.9,142633.3,1.01,-0.254602,-0.967046,0,0.0
2026-03-31T13:37:00+00:00,JCT02_ARM_SOUTH,JCT02,ARM_SOUTH,NORMAL,37,21,1,0.1196,1.19,12811.5,156182.8,0.82,-0.258819,-0.965926,0,0.0
2026-03-31T13:38:00+00:00,JCT02_ARM_SOUTH,JCT02,ARM_SOUTH,NORMAL,37,27,1,0.1295,1.1,11977.5,111958.3,0.94,-0.263031,-0.964787,0,0.0
2026-03-31T13:39:00+00:00,JCT02_ARM_SOUTH,JCT02,ARM_SOUTH,NORMAL,37,35,1,0.135,1.3,13281.1,79711.2,1.09,-0.267238,-0.96363,0,0.0
2026-03-31T15:25:00+00:00,JCT02_ARM_SOUTH,JCT02,ARM_SOUTH,NORMAL,39,35,0,0.0401,1.5,27194.3,521312.5,0.62,-0.779884,-0.625923,0,0.0
2026-03-31T15:26:00+00:00,JCT02_ARM_SOUTH,JCT02,ARM_SOUTH,NORMAL,39,31,0,0.0852,2.97,32902.5,533418.5,0.9,-0.782608,-0.622515,0,0.0
2026-03-31T15:27:00+00:00,JCT02_ARM_SOUTH,JCT02,ARM_SOUTH,NORMAL,39,41,0,0.0743,2.63,25205.8,522824.2,1.01,-0.785317,-0.619094,0,0.0
2026-03-31T15:28:00+00:00,JCT02_ARM_SOUTH,JCT02,ARM_SOUTH,NORMAL,39,45,0,0.0782,3.64,31004.1,700130.8,1.2,-0.788011,-0.615661,0,0.0
2026-03-31T15:29:00+00:00,JCT02_ARM_SOUTH,JCT02,ARM_SOUTH,NORMAL,39,48,0,0.056,2.96,29267.0,498815.4,1.08,-0.79069,-0.612217,0,0.0
2026-03-31T15:30:00+00:00,JCT02_ARM_SOUTH,JCT02,ARM_SOUTH,NORMAL,39,45,0,0.0782,3.11,31532.8,560799.4,0.98,-0.793353,-0.608761,0,0.0
2026-03-31T15:31:00+00:00,JCT02_ARM_SOUTH,JCT02,ARM_SOUTH,NORMAL,39,44,0,0.0744,4.15,30429.1,674502.1,1.26,-0.796002,-0.605294,0,0.0
2026-03-31T15:32:00+00:00,JCT02_ARM_SOUTH,JCT02,ARM_SOUTH,NORMAL,39,48,0,0.0766,3.52,27045.2,559774.8,1.25,-0.798636,-0.601815,0,0.0
2026-03-31T15:33:00+00:00,JCT02_ARM_SOUTH,JCT02,ARM_SOUTH,NORMAL,39,36,0,0.0483,2.01,25174.9,716105.6,0.77,-0.801254,-0.598325,0,0.0
2026-03-31T15:34:00+00:00,JCT02_ARM_SOUTH,JCT02,ARM_SOUTH,NORMAL,39,58,0,0.0591,3.04,26842.1,480386.9,1.19,-0.803857,-0.594823,0,0.0
2026-03-31T15:35:00+00:00,JCT02_ARM_SOUTH,JCT02,ARM_SOUTH,NORMAL,39,49,0,0.0296,2.76,27036.4,553530.7,1.05,-0.806445,-0.59131,0,0.0
2026-03-31T15:36:00+00:00,JCT02_ARM_SOUTH,JCT02,ARM_SOUTH,NORMAL,39,34,0,0.0631,3.37,41420.6,539905.2,0.93,-0.809017,-0.587785,0,0.0
2026-03-31T15:37:00+00:00,JCT02_ARM_SOUTH,JCT02,ARM_SOUTH,NORMAL,39,50,0,0.0526,2.83,32721.9,652012.1,1.06,-0.811574,-0.58425,0,0.0
2026-03-31T15:38:00+00:00,JCT02_ARM_SOUTH,JCT02,ARM_SOUTH,NORMAL,39,52,0,0.0466,2.95,25107.2,529204.7,1.18,-0.814116,-0.580703,0,0.0
2026-03-31T15:39:00+00:00,JCT02_ARM_SOUTH,JCT02,ARM_SOUTH,NORMAL,39,31,0,0.0217,1.57,31546.7,634885.5,0.51,-0.816642,-0.577145,0,0.0
2026-03-31T15:40:00+00:00,JCT02_ARM_SOUTH,JCT02,ARM_SOUTH,NORMAL,39,43,0,0.0391,2.52,30709.8,512109.6,0.88,-0.819152,-0.573576,0,0.0
2026-03-31T15:41:00+00:00,JCT02_ARM_SOUTH,JCT02,ARM_SOUTH,NORMAL,39,29,0,0.059,1.7,32075.8,491152.8,0.57,-0.821647,-0.569997,0,0.0
2026-03-31T15:42:00+00:00,JCT02_ARM_SOUTH,JCT02,ARM_SOUTH,NORMAL,39,46,0,0.0515,3.3,34384.8,573861.6,1.13,-0.824126,-0.566406,0,0.0
2026-03-31T15:43:00+00:00,JCT02_ARM_SOUTH,JCT02,ARM_SOUTH,NORMAL,39,46,0,0.1291,2.52,24268.8,522439.9,1.05,-0.82659,-0.562805,0,0.0
2026-03-31T15:44:00+00:00,JCT02_ARM_SOUTH,JCT02,ARM_SOUTH,NORMAL,39,51,0,0.0592,2.86,27129.9,486976.4,1.15,-0.829038,-0.559193,0,0.0
2026-03-31T15:45:00+00:00,JCT02_ARM_SOUTH,JCT02,ARM_SOUTH,NORMAL,39,30,1,0.0423,2.14,31163.0,819187.4,0.66,-0.83147,-0.55557,0,0.0
2026-03-31T15:46:00+00:00,JCT02_ARM_SOUTH,JCT02,ARM_SOUTH,NORMAL,39,38,0,0.1118,2.32,24621.6,492044.9,0.9,-0.833886,-0.551937,0,0.0
2026-03-31T15:47:00+00:00,JCT02_ARM_SOUTH,JCT02,ARM_SOUTH,NORMAL,39,34,0,0.0761,3.29,33711.3,530187.3,0.99,-0.836286,-0.548293,0,0.0
2026-03-31T15:48:00+00:00,JCT02_ARM_SOUTH,JCT02,ARM_SOUTH,NORMAL,39,40,0,0.0748,4.09,37094.1,828157.4,1.24,-0.838671,-0.544639,0,0.0
2026-03-31T15:49:00+00:00,JCT02_ARM_SOUTH,JCT02,ARM_SOUTH,NORMAL,39,49,1,0.2447,6.71,33010.8,491852.9,2.12,-0.841039,-0.540974,0,0.0
2026-03-31T15:50:00+00:00,JCT02_ARM_SOUTH,JCT02,ARM_SOUTH,NORMAL,39,48,0,0.1509,4.45,36631.2,508123.9,1.42,-0.843391,-0.5373,0,0.0
2026-03-31T15:51:00+00:00,JCT02_ARM_SOUTH,JCT02,ARM_SOUTH,NORMAL,39,48,0,0.0457,2.86,25932.5,529204.7,1.12,-0.845728,-0.533615,0,0.0
2026-03-31T15:52:00+00:00,JCT02_ARM_SOUTH,JCT02,ARM_SOUTH,NORMAL,39,30,0,0.0223,1.41,30149.3,634885.5,0.48,-0.848048,-0.529919,0,0.0
2026-03-31T15:53:00+00:00,JCT02_ARM_SOUTH,JCT02,ARM_SOUTH,NORMAL,39,44,0,0.0363,2.58,29975.0,512109.6,0.92,-0.850352,-0.526214,0,0.0
2026-03-31T15:54:00+00:00,JCT02_ARM_SOUTH,JCT02,ARM_SOUTH,NORMAL,39,32,0,0.0701,1.91,31471.1,491152.8,0.7,-0.85264,-0.522499,0,0.0
2026-03-31T15:55:00+00:00,JCT02_ARM_SOUTH,JCT02,ARM_SOUTH,NORMAL,39,46,0,0.0412,3.32,35890.7,573861.6,1.06,-0.854912,-0.518773,0,0.0
2026-03-31T15:56:00+00:00,JCT02_ARM_SOUTH,JCT02,ARM_SOUTH,NORMAL,39,46,0,0.1374,2.45,23938.5,522439.9,1.01,-0.857167,-0.515038,0,0.0
2026-03-31T15:57:00+00:00,JCT02_ARM_SOUTH,JCT02,ARM_SOUTH,NORMAL,39,47,0,0.0549,2.81,28064.7,486976.4,1.11,-0.859406,-0.511293,0,0.0
2026-03-31T15:58:00+00:00,JCT02_ARM_SOUTH,JCT02,ARM_SOUTH,NORMAL,39,33,1,0.0512,2.42,31691.1,819187.4,0.77,-0.861629,-0.507538,0,0.0
2026-03-31T15:59:00+00:00,JCT02_ARM_SOUTH,JCT02,ARM_SOUTH,NORMAL,39,36,0,0.1079,2.61,25324.1,530187.3,0.96,-0.863836,-0.503774,0,0.0
2026-03-31T16:00:00+00:00,JCT02_ARM_SOUTH,JCT02,ARM_SOUTH,NORMAL,40,35,0,0.0739,2.79,32248.2,395638.2,0.89,-0.866025,-0.5,0,0.0
2026-03-31T16:01:00+00:00,JCT02_ARM_SOUTH,JCT02,ARM_SOUTH,NORMAL,40,41,1,0.0781,4.55,37718.8,828157.4,1.38,-0.868199,-0.496217,0,0.0
2026-03-31T16:02:00+00:00,JCT02_ARM_SOUTH,JCT02,ARM_SOUTH,NORMAL,40,46,1,0.2963,6.52,31616.2,491852.9,2.09,-0.870356,-0.492424,0,0.0
2026-03-31T16:03:00+00:00,JCT02_ARM_SOUTH,JCT02,ARM_SOUTH,NORMAL,40,53,0,0.0599,4.16,37533.8,508123.9,1.31,-0.872496,-0.488621,0,0.0
2026-03-31T16:04:00+00:00,JCT02_ARM_SOUTH,JCT02,ARM_SOUTH,NORMAL,40,37,0,0.0435,2.27,28767.0,486976.4,0.83,-0.87462,-0.48481,0,0.0
2026-03-31T16:05:00+00:00,JCT02_ARM_SOUTH,JCT02,ARM_SOUTH,NORMAL,40,38,0,0.0853,2.69,27985.7,819187.4,0.9,-0.876727,-0.480989,0,0.0
2026-03-31T16:06:00+00:00,JCT02_ARM_SOUTH,JCT02,ARM_SOUTH,NORMAL,40,33,0,0.0938,2.94,28411.7,530187.3,1.03,-0.878817,-0.477159,0,0.0
2026-03-31T16:07:00+00:00,JCT02_ARM_SOUTH,JCT02,ARM_SOUTH,NORMAL,40,31,0,0.0986,3.18,38484.2,552107.5,0.88,-0.880891,-0.47332,0,0.0
2026-03-31T16:08:00+00:00,JCT02_ARM_SOUTH,JCT02,ARM_SOUTH,NORMAL,40,47,0,0.23,6.25,34959.0,828157.4,1.97,-0.882948,-0.469472,0,0.0
2026-03-31T16:09:00+00:00,JCT02_ARM_SOUTH,JCT02,ARM_SOUTH,NORMAL,40,53,0,0.1564,6.07,38609.9,508123.9,1.8,-0.884988,-0.465615,0,0.0
2026-03-31T16:10:00+00:00,JCT02_ARM_SOUTH,JCT02,ARM_SOUTH,OFF_PEAK_JAM,40,34,0,0.0488,2.58,35162.7,395638.2,0.77,-0.887011,-0.461749,0,0.0
2026-03-31T16:11:00+00:00,JCT02_ARM_SOUTH,JCT02,ARM_SOUTH,OFF_PEAK_JAM,40,46,1,0.2423,6.39,35180.1,828157.4,2.05,-0.889017,-0.457874,0,0.0
2026-03-31T16:12:00+00:00,JCT02_ARM_SOUTH,JCT02,ARM_SOUTH,NORMAL,40,47,0,0.1638,5.82,42213.9,508123.9,1.59,-0.891007,-0.45399,0,0.0
2026-03-31T16:13:00+00:00,JCT02_ARM_SOUTH,JCT02,ARM_SOUTH,NORMAL,40,49,0,0.1509,4.66,30981.5,397038.5,1.59,-0.892979,-0.450098,0,0.0
2026-03-31T16:14:00+00:00,JCT02_ARM_SOUTH,JCT02,ARM_SOUTH,NORMAL,40,50,0,0.1637,5.62,38934.2,508123.9,1.69,-0.894934,-0.446198,0,0.0
2026-03-31T16:15:00+00:00,JCT02_ARM_SOUTH,JCT02,ARM_SOUTH,NORMAL,40,48,0,0.1314,4.54,35802.8,508123.9,1.49,-0.896873,-0.442289,0,0.0
2026-03-31T16:16:00+00:00,JCT02_ARM_SOUTH,JCT02,ARM_SOUTH,NORMAL,40,37,0,0.0606,1.77,23460.6,337427.0,0.83,-0.880891,-0.47332,0,0.0
2026-03-31T16:17:00+00:00,JCT02_ARM_SOUTH,JCT02,ARM_SOUTH,NORMAL,40,45,0,0.0812,2.34,24325.2,450298.1,0.96,-0.882948,-0.469472,0,0.0
2026-03-31T16:18:00+00:00,JCT02_ARM_SOUTH,JCT02,ARM_SOUTH,NORMAL,40,51,0,0.1124,3.31,27199.3,614121.6,1.3,-0.884988,-0.465615,0,0.0
2026-03-31T16:19:00+00:00,JCT02_ARM_SOUTH,JCT02,ARM_SOUTH,NORMAL,40,27,0,0.1311,2.26,33311.9,499299.1,0.81,-0.887011,-0.461749,0,0.0
2026-03-31T16:20:00+00:00,JCT02_ARM_SOUTH,JCT02,ARM_SOUTH,NORMAL,40,45,0,0.174,5.36,35930.7,627941.9,1.5,-0.889017,-0.457874,0,0.0
2026-03-31T16:21:00+00:00,JCT02_ARM_SOUTH,JCT02,ARM_SOUTH,NORMAL,40,38,0,0.1797,2.31,24947.5,445050.9,0.89,-0.891007,-0.45399,0,0.0
2026-03-31T16:22:00+00:00,JCT02_ARM_SOUTH,JCT02,ARM_SOUTH,NORMAL,40,32,0,0.0837,1.27,19429.4,234413.4,0.74,-0.892979,-0.450098,0,0.0
2026-03-31T16:23:00+00:00,JCT02_ARM_SOUTH,JCT02,ARM_SOUTH,NORMAL,40,47,0,0.0762,2.45,26851.5,445723.1,1.04,-0.894934,-0.446198,0,0.0
2026-03-31T16:24:00+00:00,JCT02_ARM_SOUTH,JCT02,ARM_SOUTH,NORMAL,40,39,0,0.0889,2.47,31744.7,392295.3,0.93,-0.896873,-0.442289,0,0.0
2026-03-31T16:25:00+00:00,JCT02_ARM_SOUTH,JCT02,ARM_SOUTH,NORMAL,40,45,0,0.0624,1.98,23190.1,463733.6,0.85,-0.898794,-0.438371,0,0.0
2026-03-31T16:26:00+00:00,JCT02_ARM_SOUTH,JCT02,ARM_SOUTH,NORMAL,40,36,0,0.1154,1.91,25865.2,414173.2,0.76,-0.900698,-0.434445,0,0.0
2026-03-31T16:27:00+00:00,JCT02_ARM_SOUTH,JCT02,ARM_SOUTH,NORMAL,40,45,0,0.0864,2.88,30819.2,486946.7,1.03,-0.902585,-0.430511,0,0.0
2026-03-31T16:28:00+00:00,JCT02_ARM_SOUTH,JCT02,ARM_SOUTH,NORMAL,40,42,1,0.1451,4.48,30991.0,556950.7,1.62,-0.904455,-0.426569,0,0.0
2026-03-31T16:29:00+00:00,JCT02_ARM_SOUTH,JCT02,ARM_SOUTH,NORMAL,40,45,0,0.0724,2.01,24762.0,514129.2,0.89,-0.906308,-0.422618,0,0.0
2026-03-31T16:30:00+00:00,JCT02_ARM_SOUTH,JCT02,ARM_SOUTH,NORMAL,40,43,0,0.0901,3.27,26939.4,549651.4,1.2,-0.908143,-0.41866,0,0.0
2026-03-31T16:31:00+00:00,JCT02_ARM_SOUTH,JCT02,ARM_SOUTH,NORMAL,40,45,1,0.1663,4.2,35086.8,696829.6,1.4,-0.909961,-0.414693,0,0.0
2026-03-31T16:32:00+00:00,JCT02_ARM_SOUTH,JCT02,ARM_SOUTH,NORMAL,40,44,0,0.1033,2.81,27024.4,452801.1,1.15,-0.911762,-0.410719,0,0.0
2026-03-31T16:33:00+00:00,JCT02_ARM_SOUTH,JCT02,ARM_SOUTH,NORMAL,40,51,0,0.0792,2.31,22264.0,317516.1,1.05,-0.913545,-0.406737,0,0.0
2026-03-31T16:34:00+00:00,JCT02_ARM_SOUTH,JCT02,ARM_SOUTH,NORMAL,40,45,0,0.0875,2.75,30107.9,502108.1,1.09,-0.915311,-0.402747,0,0.0
2026-03-31T16:35:00+00:00,JCT02_ARM_SOUTH,JCT02,ARM_SOUTH,NORMAL,40,41,0,0.1257,4.01,30966.1,651176.2,1.33,-0.91706,-0.398749,0,0.0
2026-03-31T16:36:00+00:00,JCT02_ARM_SOUTH,JCT02,ARM_SOUTH,NORMAL,40,39,0,0.1094,2.41,29651.1,535105.9,0.91,-0.918791,-0.394744,0,0.0
2026-03-31T16:37:00+00:00,JCT02_ARM_SOUTH,JCT02,ARM_SOUTH,NORMAL,40,40,0,0.0935,2.13,26391.9,475158.1,0.84,-0.920505,-0.390731,0,0.0
2026-03-31T16:38:00+00:00,JCT02_ARM_SOUTH,JCT02,ARM_SOUTH,NORMAL,40,49,0,0.1305,4.14,29677.8,556950.7,1.52,-0.922201,-0.386711,0,0.0
2026-03-31T16:39:00+00:00,JCT02_ARM_SOUTH,JCT02,ARM_SOUTH,NORMAL,40,34,0,0.1092,2.65,28324.3,509942.4,1.06,-0.92388,-0.382683,0,0.0
2026-03-31T16:40:00+00:00,JCT02_ARM_SOUTH,JCT02,ARM_SOUTH,NORMAL,40,52,0,0.0713,2.99,27041.1,514129.2,1.13,-0.925541,-0.378649,0,0.0
2026-03-31T16:41:00+00:00,JCT02_ARM_SOUTH,JCT02,ARM_SOUTH,NORMAL,40,47,0,0.1608,3.98,26541.9,549651.4,1.64,-0.927184,-0.374607,0,0.0
2026-03-31T16:42:00+00:00,JCT02_ARM_SOUTH,JCT02,ARM_SOUTH,NORMAL,40,40,0,0.1098,3.59,37286.7,696829.6,1.01,-0.92881,-0.370557,0,0.0
2026-03-31T16:43:00+00:00,JCT02_ARM_SOUTH,JCT02,ARM_SOUTH,NORMAL,40,49,0,0.0988,2.62,22614.1,317516.1,1.24,-0.930418,-0.366501,0,0.0
2026-03-31T16:44:00+00:00,JCT02_ARM_SOUTH,JCT02,ARM_SOUTH,NORMAL,40,48,0,0.0889,2.35,25230.3,502108.1,1.03,-0.932008,-0.362438,0,0.0
2026-03-31T16:45:00+00:00,JCT02_ARM_SOUTH,JCT02,ARM_SOUTH,NORMAL,40,37,1,0.1262,3.52,35304.5,651176.2,1.07,-0.93358,-0.358368,0,0.0
2026-03-31T16:46:00+00:00,JCT02_ARM_SOUTH,JCT02,ARM_SOUTH,NORMAL,40,40,0,0.0866,2.38,26578.0,546033.0,0.97,-0.935135,-0.354291,0,0.0
2026-03-31T16:47:00+00:00,JCT02_ARM_SOUTH,JCT02,ARM_SOUTH,NORMAL,40,41,0,0.1141,3.73,36833.9,696829.6,1.09,-0.936672,-0.350207,0,0.0
2026-03-31T16:48:00+00:00,JCT02_ARM_SOUTH,JCT02,ARM_SOUTH,NORMAL,40,47,0,0.0957,2.96,24848.6,448069.8,1.28,-0.938191,-0.346117,0,0.0
2026-03-31T16:49:00+00:00,JCT02_ARM_SOUTH,JCT02,ARM_SOUTH,NORMAL,40,49,0,0.1037,2.33,23421.5,502108.1,1.05,-0.939693,-0.34202,0,0.0
2026-03-31T16:50:00+00:00,JCT02_ARM_SOUTH,JCT02,ARM_SOUTH,NORMAL,40,40,0,0.118,2.78,32139.5,464485.3,0.97,-0.941176,-0.337917,0,0.0
2026-03-31T16:51:00+00:00,JCT02_ARM_SOUTH,JCT02,ARM_SOUTH,NORMAL,40,44,0,0.0827,3.58,29497.5,651176.2,1.25,-0.942641,-0.333807,0,0.0
2026-03-31T16:52:00+00:00,JCT02_ARM_SOUTH,JCT02,ARM_SOUTH,NORMAL,40,49,0,0.0951,3.37,34639.4,535105.9,1.15,-0.944089,-0.329691,0,0.0
2026-03-31T16:53:00+00:00,JCT02_ARM_SOUTH,JCT02,ARM_SOUTH,NORMAL,40,39,0,0.1163,3.67,31621.4,651176.2,1.17,-0.945519,-0.325568,0,0.0
2026-03-31T16:54:00+00:00,JCT02_ARM_SOUTH,JCT02,ARM_SOUTH,NORMAL,40,37,0,0.1109,2.05,25807.2,535105.9,0.94,-0.94693,-0.321439,0,0.0
2026-03-31T16:55:00+00:00,JCT02_ARM_SOUTH,JCT02,ARM_SOUTH,NORMAL,40,44,0,0.0901,3.01,27099.5,546033.0,1.16,-0.948324,-0.317305,0,0.0
2026-03-31T16:56:00+00:00,JCT02_ARM_SOUTH,JCT02,ARM_SOUTH,NORMAL,40,40,0,0.1177,3.11,32724.6,535105.9,1.07,-0.949699,-0.313164,0,0.0
2026-03-31T17:12:00+00:00,JCT02_ARM_SOUTH,JCT02,ARM_SOUTH,NORMAL,41,28,0,0.1373,2.42,24417.3,467631.8,0.97,-0.978148,-0.207912,1,148.1219
2026-03-31T17:13:00+00:00,JCT02_ARM_SOUTH,JCT02,ARM_SOUTH,NORMAL,41,46,0,0.0591,2.94,28385.7,517639.8,1.05,-0.979045,-0.203642,1,52.371
2026-03-31T17:14:00+00:00,JCT02_ARM_SOUTH,JCT02,ARM_SOUTH,NORMAL,41,47,0,0.1583,2.8,22626.9,460176.4,1.24,-0.979925,-0.199368,1,655.8002
2026-03-31T17:15:00+00:00,JCT02_ARM_SOUTH,JCT02,ARM_SOUTH,NORMAL,41,35,0,0.09,2.09,25897.3,692639.1,0.95,-0.980785,-0.19509,1,112.5011
2026-03-31T17:16:00+00:00,JCT02_ARM_SOUTH,JCT02,ARM_SOUTH,NORMAL,41,58,0,0.1244,8.2,33745.5,613703.8,2.33,-0.981627,-0.190809,1,172.4198
2026-03-31T17:17:00+00:00,JCT02_ARM_SOUTH,JCT02,ARM_SOUTH,NORMAL,41,43,0,0.1545,4.25,36423.8,474507.8,1.1,-0.98245,-0.186524,1,-5.4087
2026-03-31T17:18:00+00:00,JCT02_ARM_SOUTH,JCT02,ARM_SOUTH,NORMAL,41,45,0,0.4603,8.13,51385.8,573939.8,1.33,-0.983255,-0.182236,1,0.0
2026-03-31T17:19:00+00:00,JCT02_ARM_SOUTH,JCT02,ARM_SOUTH,NORMAL,41,42,0,0.4986,7.64,50402.6,721939.3,1.31,-0.984041,-0.177944,1,0.0
2026-03-31T17:20:00+00:00,JCT02_ARM_SOUTH,JCT02,ARM_SOUTH,NORMAL,41,31,0,0.5589,7.66,53709.9,629686.6,1.16,-0.984808,-0.173648,1,1560.4794
2026-03-31T17:21:00+00:00,JCT02_ARM_SOUTH,JCT02,ARM_SOUTH,NORMAL,41,35,0,0.5191,6.6,50736.8,595961.9,1.05,-0.985556,-0.16935,1,0.0
2026-03-31T17:22:00+00:00,JCT02_ARM_SOUTH,JCT02,ARM_SOUTH,NORMAL,41,38,0,0.4034,10.08,56748.2,681579.3,1.62,-0.986286,-0.165048,1,37.4943
2026-03-31T17:23:00+00:00,JCT02_ARM_SOUTH,JCT02,ARM_SOUTH,NORMAL,41,38,0,0.4265,8.15,51422.1,663507.5,1.38,-0.986996,-0.160743,1,-1790.9474
2026-03-31T17:24:00+00:00,JCT02_ARM_SOUTH,JCT02,ARM_SOUTH,NORMAL,41,29,0,0.5297,5.79,51029.3,563933.1,0.96,-0.987688,-0.156434,1,1923.7247
2026-03-31T17:25:00+00:00,JCT02_ARM_SOUTH,JCT02,ARM_SOUTH,NORMAL,41,29,0,0.5578,5.19,45826.2,385086.5,0.98,-0.988362,-0.152123,1,0.0
2026-03-31T17:26:00+00:00,JCT02_ARM_SOUTH,JCT02,ARM_SOUTH,NORMAL,41,50,0,0.3599,7.9,47104.7,418600.4,1.61,-0.989016,-0.147809,1,0.0
2026-03-31T17:27:00+00:00,JCT02_ARM_SOUTH,JCT02,ARM_SOUTH,NORMAL,41,54,0,0.356,6.31,39831.0,464739.5,1.44,-0.989651,-0.143493,1,0.0
2026-03-31T17:28:00+00:00,JCT02_ARM_SOUTH,JCT02,ARM_SOUTH,NORMAL,41,44,0,0.4824,6.62,46608.1,676179.4,1.36,-0.990268,-0.139173,1,0.0
2026-03-31T17:29:00+00:00,JCT02_ARM_SOUTH,JCT02,ARM_SOUTH,NORMAL,41,54,0,0.4714,4.55,21565.5,449268.1,1.85,-0.990866,-0.134851,1,0.0
2026-03-31T17:30:00+00:00,JCT02_ARM_SOUTH,JCT02,ARM_SOUTH,NORMAL,41,44,0,0.5045,3.99,20053.3,602671.7,1.68,-0.991445,-0.130526,1,4573.1037
2026-03-31T17:31:00+00:00,JCT02_ARM_SOUTH,JCT02,ARM_SOUTH,NORMAL,41,37,0,0.5183,4.22,22482.4,486188.5,1.52,-0.992005,-0.126199,1,25999.1117
2026-03-31T17:32:00+00:00,JCT02_ARM_SOUTH,JCT02,ARM_SOUTH,NORMAL,41,54,0,0.5088,4.63,17181.4,391843.6,2.25,-0.992546,-0.121869,1,0.0
2026-03-31T17:33:00+00:00,JCT02_ARM_SOUTH,JCT02,ARM_SOUTH,NORMAL,41,38,0,0.561,5.21,17663.9,491410.4,2.22,-0.993068,-0.117537,1,7073.3809
2026-03-31T17:34:00+00:00,JCT02_ARM_SOUTH,JCT02,ARM_SOUTH,NORMAL,41,47,0,0.4739,6.66,21497.9,612609.8,2.57,-0.993572,-0.113203,1,139.2441
2026-03-31T17:35:00+00:00,JCT02_ARM_SOUTH,JCT02,ARM_SOUTH,NORMAL,41,39,0,0.6516,4.06,15369.1,422382.3,2.01,-0.994056,-0.108867,1,3358.1108
2026-03-31T17:36:00+00:00,JCT02_ARM_SOUTH,JCT02,ARM_SOUTH,NORMAL,41,57,0,0.4294,7.15,25286.8,453987.6,2.53,-0.994522,-0.104528,1,0.0
2026-03-31T17:37:00+00:00,JCT02_ARM_SOUTH,JCT02,ARM_SOUTH,NORMAL,41,49,0,0.3914,7.89,36135.9,652973.5,1.95,-0.994969,-0.100188,1,22.3958
2026-03-31T17:38:00+00:00,JCT02_ARM_SOUTH,JCT02,ARM_SOUTH,NORMAL,41,32,0,0.527,5.46,45819.5,385086.5,1.06,-0.995396,-0.095846,1,0.0
2026-03-31T17:39:00+00:00,JCT02_ARM_SOUTH,JCT02,ARM_SOUTH,NORMAL,41,48,0,0.3706,7.31,44311.3,418600.4,1.52,-0.995805,-0.091502,1,0.0
2026-03-31T17:40:00+00:00,JCT02_ARM_SOUTH,JCT02,ARM_SOUTH,NORMAL,41,54,0,0.3682,6.65,43125.0,464739.5,1.45,-0.996195,-0.087156,1,0.0
2026-03-31T17:41:00+00:00,JCT02_ARM_SOUTH,JCT02,ARM_SOUTH,NORMAL,41,45,0,0.4672,6.69,44672.2,676179.4,1.44,-0.996566,-0.082808,1,0.0
2026-03-31T17:42:00+00:00,JCT02_ARM_SOUTH,JCT02,ARM_SOUTH,NORMAL,41,57,0,0.4706,4.47,21356.9,449268.1,1.86,-0.996917,-0.078459,1,0.0
2026-03-31T17:43:00+00:00,JCT02_ARM_SOUTH,JCT02,ARM_SOUTH,NORMAL,41,40,0,0.5133,3.93,20261.9,602671.7,1.62,-0.99725,-0.074108,1,4573.1037
2026-03-31T17:44:00+00:00,JCT02_ARM_SOUTH,JCT02,ARM_SOUTH,NORMAL,41,40,0,0.4957,4.38,22236.2,486188.5,1.63,-0.997564,-0.069756,1,25999.1117
2026-03-31T17:45:00+00:00,JCT02_ARM_SOUTH,JCT02,ARM_SOUTH,NORMAL,41,50,0,0.5393,4.36,16445.6,391843.6,2.17,-0.997859,-0.065403,1,0.0
2026-03-31T17:46:00+00:00,JCT02_ARM_SOUTH,JCT02,ARM_SOUTH,NORMAL,41,39,0,0.5499,5.3,17845.5,491410.4,2.24,-0.998135,-0.061049,1,7073.3809
2026-03-31T17:47:00+00:00,JCT02_ARM_SOUTH,JCT02,ARM_SOUTH,NORMAL,41,47,0,0.4832,6.73,21969.8,612609.8,2.53,-0.998392,-0.056693,1,139.2441
2026-03-31T17:48:00+00:00,JCT02_ARM_SOUTH,JCT02,ARM_SOUTH,NORMAL,41,39,0,0.638,3.97,15133.3,422080.9,1.99,-0.99863,-0.052336,1,3358.1108
2026-03-31T17:49:00+00:00,JCT02_ARM_SOUTH,JCT02,ARM_SOUTH,NORMAL,41,56,1,0.4348,7.66,27725.9,453987.6,2.58,-0.998848,-0.047978,1,0.0
2026-03-31T17:50:00+00:00,JCT02_ARM_SOUTH,JCT02,ARM_SOUTH,NORMAL,41,52,0,0.3826,7.57,32252.4,652973.5,1.98,-0.999048,-0.043619,1,22.3958
2026-03-31T17:51:00+00:00,JCT02_ARM_SOUTH,JCT02,ARM_SOUTH,NORMAL,41,47,0,0.5172,4.39,18886.4,486188.5,1.94,-0.999229,-0.03926,1,0.0
2026-03-31T17:52:00+00:00,JCT02_ARM_SOUTH,JCT02,ARM_SOUTH,NORMAL,41,35,0,0.594,4.05,14934.0,467590.4,2.11,-0.999391,-0.034899,1,7073.3809
2026-03-31T17:53:00+00:00,JCT02_ARM_SOUTH,JCT02,ARM_SOUTH,NORMAL,41,57,0,0.468,6.79,21529.6,491410.4,2.57,-0.999534,-0.030539,1,139.2441
2026-03-31T17:54:00+00:00,JCT02_ARM_SOUTH,JCT02,ARM_SOUTH,NORMAL,41,40,0,0.555,5.69,19736.4,612609.8,2.28,-0.999657,-0.026177,1,0.0
2026-03-31T17:55:00+00:00,JCT02_ARM_SOUTH,JCT02,ARM_SOUTH,NORMAL,41,46,1,0.5586,5.0,19500.2,453987.6,2.04,-0.999762,-0.021815,1,3358.1108
2026-03-31T17:56:00+00:00,JCT02_ARM_SOUTH,JCT02,ARM_SOUTH,NORMAL,41,53,0,0.3874,8.86,33660.3,652973.5,2.45,-0.999848,-0.017452,1,22.3958
2026-03-31T17:57:00+00:00,JCT02_ARM_SOUTH,JCT02,ARM_SOUTH,NORMAL,41,42,0,0.51,6.31,22546.9,612609.8,2.31,-0.999914,-0.01309,1,0.0
2026-03-31T17:58:00+00:00,JCT02_ARM_SOUTH,JCT02,ARM_SOUTH,NORMAL,41,49,1,0.5631,5.2,18620.1,450193.0,2.22,-0.999962,-0.008727,1,3358.1108
2026-03-31T17:59:00+00:00,JCT02_ARM_SOUTH,JCT02,ARM_SOUTH,NORMAL,41,57,1,0.3931,8.63,32462.6,652973.5,2.46,-0.99999,-0.004363,1,0.0
2026-03-31T18:00:00+00:00,JCT02_ARM_SOUTH,JCT02,ARM_SOUTH,NORMAL,42,53,0,0.4012,6.15,26402.0,485930.1,2.05,-1.0,0.0,1,22.3958
2026-03-31T18:01:00+00:00,JCT02_ARM_SOUTH,JCT02,ARM_SOUTH,NORMAL,42,56,0,0.3886,8.87,34231.0,652973.5,2.38,-0.99999,0.004363,1,22.3958
2026-03-31T18:02:00+00:00,JCT02_ARM_SOUTH,JCT02,ARM_SOUTH,NORMAL,42,51,0,0.3784,7.55,31506.8,652973.5,2.05,-0.999962,0.008727,1,22.3958
2026-03-31T18:03:00+00:00,JCT02_ARM_SOUTH,JCT02,ARM_SOUTH,NORMAL,41,29,0,0.1457,2.75,25252.2,558782.7,1.0,-0.994522,-0.104528,1,-554.8979
2026-03-31T18:04:00+00:00,JCT02_ARM_SOUTH,JCT02,ARM_SOUTH,NORMAL,41,41,0,0.0923,4.56,34973.0,459887.4,1.39,-0.994969,-0.100188,1,146.5955
2026-03-31T18:05:00+00:00,JCT02_ARM_SOUTH,JCT02,ARM_SOUTH,NORMAL,41,51,0,0.1133,3.61,25536.3,440718.5,1.37,-0.995396,-0.095846,1,431.9542
2026-03-31T18:06:00+00:00,JCT02_ARM_SOUTH,JCT02,ARM_SOUTH,NORMAL,41,46,0,0.1115,4.41,32703.0,580230.6,1.32,-0.995805,-0.091502,1,5537.415
2026-03-31T18:07:00+00:00,JCT02_ARM_SOUTH,JCT02,ARM_SOUTH,NORMAL,41,45,0,0.1138,3.74,34332.0,649809.9,1.11,-0.996195,-0.087156,1,52.5965
2026-03-31T18:08:00+00:00,JCT02_ARM_SOUTH,JCT02,ARM_SOUTH,NORMAL,41,56,0,0.105,3.48,24132.8,460642.0,1.33,-0.996566,-0.082808,1,4367.1322
2026-03-31T18:09:00+00:00,JCT02_ARM_SOUTH,JCT02,ARM_SOUTH,NORMAL,41,50,0,0.1007,2.89,25329.5,499850.2,1.14,-0.996917,-0.078459,1,-152.7708
2026-03-31T18:10:00+00:00,JCT02_ARM_SOUTH,JCT02,ARM_SOUTH,NORMAL,41,39,1,0.1846,4.32,25615.4,403162.3,1.46,-0.99725,-0.074108,1,0.0
2026-03-31T18:11:00+00:00,JCT02_ARM_SOUTH,JCT02,ARM_SOUTH,NORMAL,41,44,0,0.1725,6.42,42268.4,486050.9,1.55,-0.997564,-0.069756,1,246.466
2026-03-31T18:12:00+00:00,JCT02_ARM_SOUTH,JCT02,ARM_SOUTH,NORMAL,41,57,0,0.085,4.12,27671.3,471468.4,1.42,-0.997859,-0.065403,1,93.7213
2026-03-31T18:13:00+00:00,JCT02_ARM_SOUTH,JCT02,ARM_SOUTH,NORMAL,41,40,0,0.3995,4.89,21157.2,623903.7,1.71,-0.998135,-0.061049,1,1304.9258
2026-03-31T18:14:00+00:00,JCT02_ARM_SOUTH,JCT02,ARM_SOUTH,NORMAL,41,45,0,0.3548,3.37,20499.5,465677.3,1.42,-0.998392,-0.056693,1,498.8062
2026-03-31T18:15:00+00:00,JCT02_ARM_SOUTH,JCT02,ARM_SOUTH,NORMAL,41,51,0,0.1018,2.79,24223.1,499850.2,1.16,-0.99863,-0.052336,1,-156.7911
2026-03-31T18:16:00+00:00,JCT02_ARM_SOUTH,JCT02,ARM_SOUTH,NORMAL,41,35,1,0.2102,4.8,25401.7,403162.3,1.6,-0.998848,-0.047978,1,0.0
2026-03-31T18:17:00+00:00,JCT02_ARM_SOUTH,JCT02,ARM_SOUTH,NORMAL,41,49,0,0.1364,6.08,41769.9,486050.9,1.49,-0.999048,-0.043619,1,247.2499
2026-03-31T18:18:00+00:00,JCT02_ARM_SOUTH,JCT02,ARM_SOUTH,NORMAL,41,53,0,0.1202,3.89,26582.1,471468.4,1.35,-0.999229,-0.03926,1,63.4556
2026-03-31T18:19:00+00:00,JCT02_ARM_SOUTH,JCT02,ARM_SOUTH,NORMAL,41,40,0,0.4018,4.81,20854.2,623903.7,1.71,-0.999391,-0.034899,1,1304.9258
2026-03-31T18:20:00+00:00,JCT02_ARM_SOUTH,JCT02,ARM_SOUTH,NORMAL,41,49,0,0.3155,4.03,23261.5,465677.3,1.57,-0.999534,-0.030539,1,727.0042
2026-03-31T18:21:00+00:00,JCT02_ARM_SOUTH,JCT02,ARM_SOUTH,NORMAL,41,51,0,0.1387,4.19,27729.5,623903.7,1.36,-0.999657,-0.026177,1,58.3396
2026-03-31T18:22:00+00:00,JCT02_ARM_SOUTH,JCT02,ARM_SOUTH,NORMAL,41,44,0,0.3934,4.66,19883.7,601577.2,1.75,-0.999762,-0.021815,1,1304.9258
2026-03-31T18:23:00+00:00,JCT02_ARM_SOUTH,JCT02,ARM_SOUTH,NORMAL,41,36,0,0.4183,2.82,16201.9,465677.3,1.33,-0.999848,-0.017452,1,376.3921
2026-03-31T18:24:00+00:00,JCT02_ARM_SOUTH,JCT02,ARM_SOUTH,NORMAL,41,49,0,0.4087,4.13,19614.0,601577.2,1.65,-0.999914,-0.01309,1,111.0347
2026-03-31T18:25:00+00:00,JCT02_ARM_SOUTH,JCT02,ARM_SOUTH,NORMAL,41,36,0,0.3658,3.32,21132.3,465677.3,1.35,-0.999962,-0.008727,1,511.5961
