{
  "means": [
    8.865849494934082,
    0.7931746244430542,
    0.08617966622114182,
    15.023505210876465,
    3240.64892578125,
    5645.27734375,
    7.450435638427734,
    -1.0091791985411547e-10,
    -1.1605560956695626e-09,
    0.1666666716337204
  ],
  "stds": [
    6.478981971740723,
    1.2255280017852783,
    0.0743260607123375,
    10.078804016113281,
    1291.433349609375,
    2129.35693359375,
    4.77664852142334,
    0.70710688829422,
    0.7071067094802856,
    0.3726779818534851
  ]
}