{
  "means": [
    8.866745948791504,
    0.7895535826683044,
    0.08620024472475052,
    15.016278266906738,
    3244.056396484375,
    5644.3916015625,
    7.455113887786865,
    -1.0091791985411547e-10,
    -1.1605560956695626e-09,
    0.1666666716337204
  ],
  "stds": [
    6.4801106452941895,
    1.2193766832351685,
    0.07425195723772049,
    10.075740814208984,
    1290.3743896484375,
    2123.78076171875,
    4.778969764709473,
    0.70710688829422,
    0.7071067094802856,
    0.3726779818534851
  ]
}