{
  "anomaly_threshold": 0.003918503178283559,
  "percentile": 95,
  "mean_error": 0.000693226233124733,
  "std_error": 0.001744517358019948,
  "max_error": 0.06044556945562363
}