{
  "anomaly_threshold": 0.003597952355630694,
  "percentile": 95,
  "mean_error": 0.0006053603137843311,
  "std_error": 0.001682633999735117,
  "max_error": 0.06013066694140434
}