{
  "JCT01_ARM_EAST": {
    "means": [
      9.147222518920898,
      0.9706944227218628,
      0.09341859072446823,
      15.604427337646484,
      3317.85546875,
      5783.9033203125,
      7.321646213531494,
      2.119276309997531e-09,
      -2.119276309997531e-09,
      0.1666666716337204,
      41.706111907958984
    ],
    "stds": [
      7.248112201690674,
      2.0091049671173096,
      0.10120291262865067,
      11.592527389526367,
      1472.91748046875,
      2537.695068359375,
      4.757670879364014,
      0.7071068286895752,
      0.7071067690849304,
      0.3726780116558075,
      13.392353057861328
    ]
  },
  "JCT01_ARM_NORTH": {
    "means": [
      9.230833053588867,
      1.0079166889190674,
      0.09648271650075912,
      15.791423797607422,
      3350.12451171875,
      5853.0,
      7.383849620819092,
      2.119276309997531e-09,
      -2.119276309997531e-09,
      0.1666666716337204,
      41.56375503540039
    ],
    "stds": [
      7.333885669708252,
      2.0576601028442383,
      0.10744542628526688,
      11.766031265258789,
      1537.23291015625,
      2634.1181640625,
      4.77787971496582,
      0.7071068286895752,
      0.7071067690849304,
      0.3726780116558075,
      13.574689865112305
    ]
  },
  "JCT01_ARM_SOUTH": {
    "means": [
      9.242708206176758,
      1.085694432258606,
      0.09942399710416794,
      15.957152366638184,
      3366.89599609375,
      5894.97900390625,
      7.24916410446167,
      2.119276309997531e-09,
      -2.119276309997531e-09,
      0.1666666716337204,
      41.19009017944336
    ],
    "stds": [
      7.5916748046875,
      2.360412120819092,
      0.1194177120923996,
      12.27120304107666,
      1637.549072265625,
      2831.090576171875,
      4.746781826019287,
      0.7071068286895752,
      0.7071067690849304,
      0.3726780116558075,
      13.910516738891602
    ]
  },
  "JCT01_ARM_WEST": {
    "means": [
      9.219653129577637,
      1.0690277814865112,
      0.09950709342956543,
      15.951085090637207,
      3387.02001953125,
      5877.427734375,
      7.264161586761475,
      2.119276309997531e-09,
      -2.119276309997531e-09,
      0.1666666716337204,
      41.451114654541016
    ],
    "stds": [
      7.539341926574707,
      2.3186349868774414,
      0.11931511759757996,
      12.259492874145508,
      1626.7962646484375,
      2811.637451171875,
      4.7781476974487305,
      0.7071068286895752,
      0.7071067690849304,
      0.3726780116558075,
      13.993939399719238
    ]
  },
  "JCT02_ARM_EAST": {
    "means": [
      9.103124618530273,
      0.9677083492279053,
      0.09479191154241562,
      15.599976539611816,
      3321.587158203125,
      5819.12744140625,
      7.354043960571289,
      2.119276309997531e-09,
      -2.119276309997531e-09,
      0.1666666716337204,
      41.94393539428711
    ],
    "stds": [
      7.203490257263184,
      1.9661365747451782,
      0.10642728954553604,
      11.537720680236816,
      1517.678955078125,
      2622.322265625,
      4.825489044189453,
      0.7071068286895752,
      0.7071067690849304,
      0.3726780116558075,
      13.335684776306152
    ]
  },
  "JCT02_ARM_NORTH": {
    "means": [
      9.383889198303223,
      1.0968055725097656,
      0.09952998906373978,
      15.988884925842285,
      3378.58349609375,
      5910.93798828125,
      7.30199670791626,
      2.119276309997531e-09,
      -2.119276309997531e-09,
      0.1666666716337204,
      41.28348922729492
    ],
    "stds": [
      7.765092372894287,
      2.386260747909546,
      0.11873538047075272,
      12.387425422668457,
      1628.1734619140625,
      2790.98779296875,
      4.799853324890137,
      0.7071068286895752,
      0.7071067690849304,
      0.3726780116558075,
      14.155814170837402
    ]
  },
  "JCT02_ARM_SOUTH": {
    "means": [
      9.412708282470703,
      1.1148611307144165,
      0.10079998522996902,
      16.184974670410156,
      3397.952392578125,
      5929.96533203125,
      7.323221683502197,
      2.119276309997531e-09,
      -2.119276309997531e-09,
      0.1666666716337204,
      41.289527893066406
    ],
    "stds": [
      7.771967887878418,
      2.4021694660186768,
      0.12240633368492126,
      12.64579963684082,
      1686.3623046875,
      2871.884521484375,
      4.800788879394531,
      0.7071068286895752,
      0.7071067690849304,
      0.3726780116558075,
      14.182738304138184
    ]
  }
}