{
  "JCT01_ARM_EAST": {
    "means": [
      9.032546043395996,
      0.8873842358589172,
      0.09014622867107391,
      15.333033561706543,
      3278.893310546875,
      5719.1328125,
      7.388726711273193,
      7.064254181621266e-10,
      -2.119276309997531e-09,
      0.1666666716337204
    ],
    "stds": [
      6.9304585456848145,
      1.7055405378341675,
      0.08953308314085007,
      10.875398635864258,
      1390.197265625,
      2336.62744140625,
      4.749894618988037,
      0.7071068286895752,
      0.7071067690849304,
      0.3726780116558075
    ]
  },
  "JCT01_ARM_NORTH": {
    "means": [
      9.011458396911621,
      0.8891435265541077,
      0.09066023677587509,
      15.349920272827148,
      3293.2265625,
      5731.49072265625,
      7.379108905792236,
      7.064254181621266e-10,
      -2.119276309997531e-09,
      0.1666666716337204
    ],
    "stds": [
      6.907164573669434,
      1.7261074781417847,
      0.09187135100364685,
      10.979418754577637,
      1419.19091796875,
      2387.599365234375,
      4.745353698730469,
      0.7071068286895752,
      0.7071067690849304,
      0.3726780116558075
    ]
  },
  "JCT01_ARM_SOUTH": {
    "means": [
      8.932963371276855,
      0.8411111235618591,
      0.0887645035982132,
      15.188965797424316,
      3266.784423828125,
      5681.349609375,
      7.403818130493164,
      7.064254181621266e-10,
      -2.119276309997531e-09,
      0.1666666716337204
    ],
    "stds": [
      6.722130298614502,
      1.5247600078582764,
      0.0848575234413147,
      10.606700897216797,
      1366.28125,
      2277.573486328125,
      4.766839981079102,
      0.7071068286895752,
      0.7071067690849304,
      0.3726780116558075
    ]
  },
  "JCT01_ARM_WEST": {
    "means": [
      8.985555648803711,
      0.8426389098167419,
      0.08870340138673782,
      15.19583511352539,
      3264.734375,
      5696.5361328125,
      7.423098087310791,
      7.064254181621266e-10,
      -2.119276309997531e-09,
      0.1666666716337204
    ],
    "stds": [
      6.80122709274292,
      1.5310842990875244,
      0.08490738272666931,
      10.584240913391113,
      1356.6123046875,
      2278.93212890625,
      4.794936180114746,
      0.7071068286895752,
      0.7071067690849304,
      0.3726780116558075
    ]
  },
  "JCT02_ARM_EAST": {
    "means": [
      8.899652481079102,
      0.833773136138916,
      0.08827497810125351,
      15.201218605041504,
      3278.346923828125,
      5685.00244140625,
      7.429503917694092,
      7.064254181621266e-10,
      -2.119276309997531e-09,
      0.1666666716337204
    ],
    "stds": [
      6.59901762008667,
      1.4051107168197632,
      0.08244404941797256,
      10.42203140258789,
      1347.4769287109375,
      2235.224365234375,
      4.776060581207275,
      0.7071068286895752,
      0.7071067690849304,
      0.3726780116558075
    ]
  },
  "JCT02_ARM_NORTH": {
    "means": [
      8.881342887878418,
      0.8253703713417053,
      0.08801649510860443,
      15.12551212310791,
      3256.584716796875,
      5678.388671875,
      7.4241180419921875,
      7.064254181621266e-10,
      -2.119276309997531e-09,
      0.1666666716337204
    ],
    "stds": [
      6.568044185638428,
      1.3964123725891113,
      0.08205358684062958,
      10.362106323242188,
      1342.8184814453125,
      2225.62548828125,
      4.763972759246826,
      0.7071068286895752,
      0.7071067690849304,
      0.3726780116558075
    ]
  },
  "JCT02_ARM_SOUTH": {
    "means": [
      8.94259262084961,
      0.8536574244499207,
      0.08882392197847366,
      15.176424026489258,
      3269.206298828125,
      5696.0390625,
      7.407757759094238,
      7.064254181621266e-10,
      -2.119276309997531e-09,
      0.1666666716337204
    ],
    "stds": [
      6.738030910491943,
      1.5596684217453003,
      0.08702661097049713,
      10.557245254516602,
      1370.95361328125,
      2302.5283203125,
      4.773475646972656,
      0.7071068286895752,
      0.7071067690849304,
      0.3726780116558075
    ]
  }
}