{
  "JCT01_ARM_EAST": {
    "means": [
      8.947476387023926,
      0.8422453999519348,
      0.08877037465572357,
      15.175145149230957,
      3261.795166015625,
      5694.4716796875,
      7.409603595733643,
      7.064254181621266e-10,
      -2.119276309997531e-09,
      0.1666666716337204,
      42.36997604370117
    ],
    "stds": [
      6.7293853759765625,
      1.5058674812316895,
      0.08451095223426819,
      10.524452209472656,
      1357.2208251953125,
      2272.522705078125,
      4.777126789093018,
      0.7071068286895752,
      0.7071067690849304,
      0.3726780116558075,
      12.478446006774902
    ]
  },
  "JCT01_ARM_NORTH": {
    "means": [
      8.894791603088379,
      0.8456944227218628,
      0.0888553336262703,
      15.23662281036377,
      3269.1103515625,
      5699.93994140625,
      7.403572082519531,
      7.064254181621266e-10,
      -2.119276309997531e-09,
      0.1666666716337204,
      42.22579574584961
    ],
    "stds": [
      6.638246536254883,
      1.5023854970932007,
      0.08757412433624268,
      10.5978422164917,
      1388.27392578125,
      2322.216064453125,
      4.765996932983398,
      0.7071068286895752,
      0.7071067690849304,
      0.3726780116558075,
      12.582371711730957
    ]
  },
  "JCT01_ARM_SOUTH": {
    "means": [
      8.985023498535156,
      0.8756250143051147,
      0.09050801396369934,
      15.358678817749023,
      3282.244384765625,
      5725.46240234375,
      7.405498504638672,
      7.064254181621266e-10,
      -2.119276309997531e-09,
      0.1666666716337204,
      42.0973014831543
    ],
    "stds": [
      6.825132846832275,
      1.6300755739212036,
      0.09136941283941269,
      10.853384017944336,
      1404.360595703125,
      2383.886474609375,
      4.785802364349365,
      0.7071068286895752,
      0.7071067690849304,
      0.3726780116558075,
      12.700722694396973
    ]
  },
  "JCT01_ARM_WEST": {
    "means": [
      9.009976387023926,
      0.8770833611488342,
      0.08984163403511047,
      15.293291091918945,
      3277.82373046875,
      5719.646484375,
      7.43604040145874,
      7.064254181621266e-10,
      -2.119276309997531e-09,
      0.1666666716337204,
      42.03438949584961
    ],
    "stds": [
      6.818416595458984,
      1.6028571128845215,
      0.08804838359355927,
      10.762990951538086,
      1384.9119873046875,
      2318.405029296875,
      4.799703598022461,
      0.7071068286895752,
      0.7071067690849304,
      0.3726780116558075,
      12.716879844665527
    ]
  },
  "JCT02_ARM_EAST": {
    "means": [
      8.904420852661133,
      0.8294212818145752,
      0.08806407451629639,
      15.15213394165039,
      3260.161376953125,
      5680.2060546875,
      7.417876720428467,
      7.064254181621266e-10,
      -2.119276309997531e-09,
      0.1666666716337204,
      42.224609375
    ],
    "stds": [
      6.6225175857543945,
      1.4066969156265259,
      0.08142559975385666,
      10.334613800048828,
      1339.9234619140625,
      2222.22119140625,
      4.770846843719482,
      0.7071068286895752,
      0.7071067690849304,
      0.3726780116558075,
      12.38807201385498
    ]
  },
  "JCT02_ARM_NORTH": {
    "means": [
      8.979259490966797,
      0.8698148131370544,
      0.08927790075540543,
      15.265315055847168,
      3268.186767578125,
      5700.16357421875,
      7.3863630294799805,
      7.064254181621266e-10,
      -2.119276309997531e-09,
      0.1666666716337204,
      42.3216552734375
    ],
    "stds": [
      6.811879634857178,
      1.6064672470092773,
      0.08700862526893616,
      10.736135482788086,
      1369.6824951171875,
      2302.541259765625,
      4.732694625854492,
      0.7071068286895752,
      0.7071067690849304,
      0.3726780116558075,
      12.616755485534668
    ]
  },
  "JCT02_ARM_SOUTH": {
    "means": [
      9.005023002624512,
      0.8756481409072876,
      0.0894421860575676,
      15.286096572875977,
      3278.770263671875,
      5705.86279296875,
      7.3954057693481445,
      7.064254181621266e-10,
      -2.119276309997531e-09,
      0.1666666716337204,
      42.355499267578125
    ],
    "stds": [
      6.845736980438232,
      1.6402064561843872,
      0.0874338373541832,
      10.788880348205566,
      1377.735595703125,
      2321.28125,
      4.75032377243042,
      0.7071068286895752,
      0.7071067690849304,
      0.3726780116558075,
      12.577983856201172
    ]
  }
}